rally_id,video_id,pair_idx,frame_prev,frame_curr,action_prev_type,action_curr_type,player_id,team_label,conf_prev,conf_curr,prev_player_dist,curr_player_dist,prev_top3_candidates,curr_top3_candidates,prev_best_same_team_alt_ratio,curr_best_same_team_alt_ratio,signal_type_fit_prev,signal_type_fit_curr,signal_team_geometry_prev,signal_team_geometry_curr,co_c1_fires,co_c2_fires,co_c3_fires,co_pid_invariant_fires,repair_recommendation,root_cause,notes
d810943e-dd1c-4518-a6af-577b22555c3c,06f0b063-b3f9-40aa-b13b-fba1edd74a85,4,254,300,attack,dig,2,A,0.4814993786736061,0.4262482367774179,0.03066841396111741,0.0729767068056834,"[[2, 0.017545971510593675, ""A""], [4, 0.03066841396111741, ""B""], [3, 0.04164087844344981, ""B""]]","[[4, 0.03237677830725033, ""B""], [2, 0.0729767068056834, ""A""], [1, 0.09066969273351501, ""A""]]",nan,1.2424470314198077,ok,ok,matches,matches,False,True,False,"I-5,I-5,I-5,I-5",ambiguous,,
acada27e-5bf8-4f94-94aa-d615df953440,06f0b063-b3f9-40aa-b13b-fba1edd74a85,4,239,254,attack,dig,4,A,0.7271182977938997,0.7247980159727221,0.0034363843632539484,0.009630267273793756,"[[4, 0.0034363843632539484, ""A""], [1, 0.03287177185529655, ""B""], [3, 0.24526840715416892, ""A""]]","[[1, 0.0024854381943625794, ""B""], [4, 0.009630267273793756, ""A""], [3, 0.1678906536534108, ""A""]]",71.37397369656335,17.433644246850875,ok,ok,matches,matches,True,True,False,"I-5,I-5,I-5,I-5",skip,,
c89b346b-5989-48fd-ab3a-f9b1596db8bd,06f0b063-b3f9-40aa-b13b-fba1edd74a85,4,224,252,attack,dig,4,A,0.9144715004707398,0.5324932333286494,0.028322706217103137,0.04206315732647569,"[[4, 0.028322706217103137, ""A""], [1, 0.054011469515753155, ""B""], [3, 0.2505387579214955, ""A""]]","[[4, 0.04042367477812975, ""A""], [1, 0.04206315732647569, ""B""], [3, 0.14354865994124338, ""A""]]",8.845862256277032,3.412693413076007,ok,ok,matches,violates,True,True,False,"I-5,I-5,I-5,I-5",ambiguous,,
6e6c3f47-cf46-4b73-aeb3-a609366d71c8,073cb11b-c7ba-4fac-8cc9-b032b3152ad6,2,90,171,receive,set,3,B,0.4740096092744218,0.7974063894497954,0.020562383278875832,0.045765152482325024,"[[3, 0.020562383278875832, ""B""], [2, 0.14834885129673323, ""A""], [4, 0.14514967220304156, ""B""]]","[[3, 0.045765152482325024, ""B""], [2, 0.21501742482879696, ""A""], [4, 0.18374174366758228, ""B""]]",7.058990693562106,4.014883239786981,ok,ok,ambiguous,matches,False,False,False,,ambiguous,,
99a01ce4-4a00-4e54-b015-80f843ff21fc,073cb11b-c7ba-4fac-8cc9-b032b3152ad6,3,305,370,attack,dig,4,A,0.8521442950946543,0.7652249469930246,0.0692952517381258,0.03084207884203382,"[[4, 0.0692952517381258, ""A""], [1, 0.14879936913595623, ""B""], [2, 0.15202277016525248, ""B""]]","[[4, 0.03084207884203382, ""A""], [1, 0.0493160162432673, ""B""], [2, 0.06645533948372452, ""B""]]",nan,nan,ok,ok,matches,violates,False,True,False,,ambiguous,,
a0b7e716-9b6a-4240-b858-66a745f5d1d2,073cb11b-c7ba-4fac-8cc9-b032b3152ad6,4,402,538,dig,attack,2,B,0.6,0.39970905354761116,0.08860590692098509,0.047624046840232796,"[[3, 0.02262769324904471, ""A""], [4, 0.08860590692098509, ""A""], [2, 0.09775281815208127, ""B""]]","[[3, 0.047624046840232796, ""A""], [2, 0.057638338515710257, ""B""], [1, 0.08177763969683484, ""B""]]",nan,1.7171501609508137,ok,ok,ambiguous,violates,False,False,False,,repair_curr,,
675413bb-b582-4500-88bd-932450f2d42d,07fedbd4-693e-4651-9fee-c616a1f4b413,3,142,191,set,attack,4,A,0.8766863855166844,0.9422135156406116,0.02146477151941923,0.0416896825222272,"[[4, 0.02146477151941923, ""A""], [3, 0.11328976000900497, ""B""], [2, 0.18065781511585027, ""A""]]","[[4, 0.0416896825222272, ""A""], [3, 0.08273322910235056, ""B""], [1, 0.18205085464262813, ""B""]]",8.4164797632441,nan,ok,ok,ambiguous,matches,False,True,False,,skip,,
21a9b203-dc92-48dc-8f19-d94835e0e226,0a383519-ecaa-411a-8e5e-e0aadc835725,6,509,532,attack,attack,1,B,0.4487869148014393,0.6884242457989103,0.0018260204935649992,0.013064092960809811,"[[1, 0.0018260204935649992, ""B""], [3, 0.14629879150833494, ""A""], [2, 0.1771364855975993, ""B""]]","[[1, 0.013064092960809811, ""B""], [3, 0.23379070716743916, ""A""], [2, 0.26251246284336155, ""B""]]",97.00684423961201,20.094197402824438,ok,unknown,matches,ambiguous,True,True,False,,ambiguous,,
e99733e3-b5db-4b00-bea9-3b3433f2f8fd,0a383519-ecaa-411a-8e5e-e0aadc835725,4,335,359,set,attack,4,A,0.39482986399177256,0.7923295906164116,0.01690001592316273,0.006044911260957742,"[[4, 0.01690001592316273, ""A""], [1, 0.1180474674334333, ""B""], [3, 0.20417519344124296, ""A""]]","[[4, 0.006044911260957742, ""A""], [1, 0.25336334856556036, ""B""], [3, 0.28177458082897816, ""A""]]",12.081361009926958,46.613518158467464,wrong,ok,matches,matches,True,True,False,,repair_prev,,
11942746-bb07-4232-9359-21314c98d55c,0a383519-ecaa-411a-8e5e-e0aadc835725,7,560,593,attack,attack,3,B,0.5008404019432481,0.832066256047031,0.00397204650840069,0.008801833362125124,"[[1, 0.00397204650840069, ""A""], [3, 0.009872125409197774, ""B""], [4, 0.09904190370299565, ""B""]]","[[3, 0.008801833362125124, ""B""], [4, 0.15269492073829216, ""B""], [1, 0.24563233694241843, ""A""]]",24.934729110932288,17.34808129807917,ok,unknown,ambiguous,ambiguous,True,True,False,,skip,,
adf3e9c8-6dd9-4c97-8d71-32402e22bf0b,0a383519-ecaa-411a-8e5e-e0aadc835725,7,523,665,dig,dig,2,B,0.38953877599999026,0.6,0.10402005103938565,0.04383263293479315,"[[2, 0.10402005103938565, ""B""], [4, 0.12567869766283443, ""A""], [1, 0.1709226703815394, ""B""]]","[[2, 0.04383263293479315, ""B""], [4, 0.17824337660240594, ""A""], [1, 0.17946017069288317, ""B""]]",1.6431704144888573,4.0942138009335185,ok,unknown,matches,matches,False,True,False,,ambiguous,,
ab619576-053d-44fc-90d3-db4a4af0dce2,0a383519-ecaa-411a-8e5e-e0aadc835725,4,336,415,dig,set,4,A,0.4796163901326626,0.8706575380906476,0.1131992475393113,0.047039576439115195,"[[3, 0.1131992475393113, ""A""], [4, 0.1712076442091031, ""A""], [2, 0.23199021425722563, ""B""]]","[[1, 0.045724274226683875, ""B""], [4, 0.047039576439115195, ""A""], [3, 0.09978350456164164, ""A""]]",1.0,2.1212670715858715,ok,ok,matches,violates,False,False,False,,ambiguous,,
d22e9db9-6e7c-47ab-9675-37b97d878278,0a383519-ecaa-411a-8e5e-e0aadc835725,2,108,137,receive,dig,1,B,0.7,0.5899967247826111,0.0020462011802008986,0.03232888244548569,"[[1, 0.0020462011802008986, ""B""], [2, 0.04161258713001008, ""B""], [3, 0.12307526954941167, ""A""]]","[[1, 0.03232888244548569, ""B""], [2, 0.11227226218290938, ""B""], [3, 0.13466707854890142, ""A""]]",20.336508224437885,3.472816060753957,ok,unknown,ambiguous,matches,False,False,False,,skip,,
8ec18b68-81fa-42a0-9075-ed4e08074587,0a383519-ecaa-411a-8e5e-e0aadc835725,2,308,443,attack,set,1,B,0.731241761187356,0.8211481832725798,0.032941371442575335,0.03336477808088571,"[[1, 0.032941371442575335, ""B""], [4, 0.1149411650247523, ""A""], [3, 0.17437837934811695, ""A""]]","[[1, 0.03336477808088571, ""B""], [4, 0.12541427277748005, ""A""], [2, 0.14398277721561875, ""B""]]",nan,4.315412404858907,wrong,unknown,ambiguous,ambiguous,True,True,False,,ambiguous,,
a4f8ebb8-25c9-4702-9757-a301f0e31e1f,0a383519-ecaa-411a-8e5e-e0aadc835725,1,183,321,serve,attack,1,B,0.6339703691188778,0.8143685223693038,0.04238541642518099,0.06929634006389303,"[[3, 0.04238541642518099, ""A""], [1, 0.047201852739023366, ""B""], [4, 0.11760342259663331, ""A""]]","[[1, 0.06929634006389303, ""B""], [3, 0.1461407758090233, ""A""], [4, 0.18726822685751143, ""A""]]",nan,nan,unknown,wrong,ambiguous,ambiguous,False,True,False,,ambiguous,,
794fa630-06a1-4db4-8745-695de89add35,0a383519-ecaa-411a-8e5e-e0aadc835725,3,289,331,attack,dig,2,A,0.8095807704288084,0.3600017692189637,0.009582349519958573,0.03560790734428718,"[[2, 0.009582349519958573, ""A""], [1, 0.0747197285515552, ""B""], [4, 0.12549939509473618, ""B""]]","[[1, 0.03560790734428718, ""B""], [2, 0.052781235321669, ""A""], [4, 0.09185975144173665, ""B""]]",nan,nan,ok,ok,matches,matches,False,True,False,,ambiguous,,
6ed4d6fc-0246-45f8-a054-d1416558586b,16458e78-d30d-425c-805b-f9957d469a7c,5,287,302,dig,attack,2,A,0.8649914398913985,0.3614187396706269,0.02455173078880838,0.00910846313973708,"[[2, 0.02455173078880838, ""A""], [3, 0.07921592953877221, ""B""], [1, 0.118874363675623, ""A""]]","[[1, 0.00910846313973708, ""A""], [3, 0.03304056889775399, ""B""], [4, 0.03877030791396377, ""B""]]",4.84179159091344,1.0,ok,ok,matches,matches,True,True,False,,ambiguous,,
753a4ec7-011e-4e3f-bf75-a5fefca02349,1a5da176-8755-4e0d-8afd-ed1cab746fe3,4,200,233,attack,dig,3,A,0.9100334799227067,0.8887170665511053,0.0498522987896983,0.009522692282564933,"[[3, 0.0498522987896983, ""A""], [1, 0.07838165431831225, ""B""], [4, 0.26186766747601525, ""A""]]","[[1, 0.009522692282564933, ""B""], [3, 0.012625321253625133, ""A""], [4, 0.17336126626911483, ""A""]]",5.252870455998485,18.205068600874714,ok,ok,matches,matches,True,True,False,,skip,,
028f8384-7ea8-46d5-8bef-6d99018cf6bc,211e2a4c-c9a3-4438-9b0c-bea4e7555ad0,6,312,363,set,dig,2,A,0.42245843382505804,0.6,0.05350050864029436,0.02958876704967869,"[[2, 0.01720692811909829, ""A""], [3, 0.05350050864029436, ""B""], [4, 0.08766445262472483, ""B""]]","[[3, 0.019300126448622952, ""B""], [2, 0.02958876704967869, ""A""], [4, 0.1371915808971844, ""B""]]",nan,nan,ok,unknown,matches,violates,False,False,False,,ambiguous,,
06bafb49-9e48-47c0-b3b4-82703225c798,211e2a4c-c9a3-4438-9b0c-bea4e7555ad0,6,318,361,set,attack,4,B,0.5882000738288531,0.8924479063916089,0.006486781915378149,0.0790000928239835,"[[4, 0.006486781915378149, ""B""], [1, 0.07131943828868088, ""A""], [2, 0.09967332270210291, ""A""]]","[[1, 0.0790000928239835, ""A""], [3, 0.08635080500612877, ""B""], [4, 0.1274632526728291, ""B""]]",nan,1.0930468803185214,ok,ok,ambiguous,violates,False,False,False,,ambiguous,,
714194e6-06fc-414b-a688-ffb091070e6b,23b662ba-99e0-47d6-a9ac-90bb6fa9bdd1,1,66,115,serve,receive,3,A,0.8787972723579719,0.7140274887543863,0.013248620278122333,0.001622250921938654,"[[3, 0.013248620278122333, ""A""], [4, 0.014566502245388436, ""A""], [1, 0.16788258428697542, ""B""]]","[[3, 0.001622250921938654, ""A""], [1, 0.05407674371430599, ""B""], [2, 0.05793288980001738, ""B""]]",1.0994731481165887,nan,unknown,ok,ambiguous,ambiguous,True,True,False,,skip,,
714194e6-06fc-414b-a688-ffb091070e6b,23b662ba-99e0-47d6-a9ac-90bb6fa9bdd1,3,161,187,attack,dig,2,B,0.8490103934117534,0.4803453718560577,0.07110035508364672,0.006056328737546014,"[[2, 0.07110035508364672, ""B""], [4, 0.10399387548232626, ""A""], [1, 0.206518150042145, ""B""]]","[[2, 0.006056328737546014, ""B""], [4, 0.14682515878617677, ""A""], [1, 0.22861106697698183, ""B""]]",2.9046008251180275,37.74746663927189,ok,ok,violates,ambiguous,True,True,False,,ambiguous,,
d7df73b1-b1eb-4593-8bd5-fd4eb9e08d80,23b662ba-99e0-47d6-a9ac-90bb6fa9bdd1,4,182,206,attack,dig,2,B,0.7931982860824228,0.7870267810503926,0.08977506087295975,0.043400087500250505,"[[1, 0.08977506087295975, ""B""], [2, 0.14620516359569047, ""B""], [4, 0.1852252102161129, ""A""]]","[[2, 0.043400087500250505, ""B""], [1, 0.14859752552841732, ""B""], [4, 0.19345674391011677, ""A""]]",1.0,3.4238992151239236,ok,ok,ambiguous,ambiguous,True,True,False,,skip,,
8d3205ed-b0dc-4c0c-bc24-fda34554e45f,23b662ba-99e0-47d6-a9ac-90bb6fa9bdd1,1,73,120,serve,receive,3,A,0.7,0.9,0.022889854070114006,0.015746801876164493,"[[4, 0.022889854070114006, ""A""], [2, 0.08920268819045153, ""B""], [3, 0.10661614722137158, ""A""]]","[[3, 0.015746801876164493, ""A""], [4, 0.05198446521536862, ""A""], [2, 0.09717284979486031, ""B""]]",1.0,3.301271307290409,unknown,ok,ambiguous,ambiguous,True,True,False,I-2,skip,,
991cfe31-5348-4e0b-be2d-264a3449380a,23f17802-39a2-45a9-a429-d7cdc0e7ce6f,4,470,516,set,dig,1,A,0.9407234872513405,0.48635218436715855,0.0012196020465637066,0.07674357907288265,"[[1, 0.0012196020465637066, ""A""], [3, 0.15760134928116626, ""B""], [4, 0.21395059836842473, ""B""]]","[[3, 0.01805030050814709, ""B""], [1, 0.07674357907288265, ""A""], [4, 0.16158127090704283, ""B""]]",nan,nan,wrong,unknown,matches,ambiguous,True,True,False,"I-5,I-5,I-5,I-5",ambiguous,,
06bb6064-a404-4937-8799-23b36e422ab4,23f17802-39a2-45a9-a429-d7cdc0e7ce6f,1,190,195,serve,receive,1,A,0.7,0.7,nan,0.05454643206185258,[],"[[1, 0.05454643206185258, ""A""], [4, 0.3163173292027613, ""B""], [3, 0.3885389068227731, ""B""]]",nan,nan,unknown,ok,ambiguous,ambiguous,False,True,False,"I-5,I-5,I-5,I-5",skip,,
31cf1130-a7ec-418a-b2a5-aa83f0da5eac,2b2d7786-1f78-4856-95d5-d3003b15f2a3,2,83,152,receive,receive,4,A,0.7,0.6860281245643653,0.1365308630145723,0.016728864824043323,"[[4, 0.13435749118163434, ""A""], [2, 0.1365308630145723, ""B""], [3, 0.19888916432951556, ""A""]]","[[4, 0.016728864824043323, ""A""], [1, 0.06987389319853382, ""B""], [2, 0.14617854563319138, ""B""]]",1.4567341034699797,nan,ok,unknown,ambiguous,matches,False,False,False,I-2,skip,,
4d874829-4667-42d6-adcd-96b24860aaef,2d105b7b-12be-476e-b010-1b274380b891,9,464,504,attack,set,1,B,0.470219466465254,0.7784807919023489,0.032533463064484784,0.033081049407699875,"[[1, 0.032533463064484784, ""B""], [4, 0.11091753777805931, ""A""], [2, 0.19548698801362838, ""B""]]","[[1, 0.033081049407699875, ""B""], [4, 0.0402212906355334, ""A""], [2, 0.050044635585116244, ""B""]]",6.008797391969996,1.512788635219896,unknown,unknown,matches,violates,False,False,False,,ambiguous,,
114f3446-6fe4-40f6-b548-b7969dd9b01e,2d105b7b-12be-476e-b010-1b274380b891,1,46,81,serve,receive,4,A,0.7,0.5115063957602706,nan,0.09719335085537166,[],"[[3, 0.05822855681686516, ""A""], [1, 0.09719335085537166, ""B""], [4, 0.10527686485697439, ""A""]]",nan,0.5991002090617498,unknown,ok,ambiguous,violates,True,True,False,,repair_curr,,
114f3446-6fe4-40f6-b548-b7969dd9b01e,2d105b7b-12be-476e-b010-1b274380b891,2,81,122,receive,set,4,A,0.5115063957602706,0.9385913847078027,0.09719335085537166,0.002664524994069028,"[[3, 0.05822855681686516, ""A""], [1, 0.09719335085537166, ""B""], [4, 0.10527686485697439, ""A""]]","[[4, 0.002664524994069028, ""A""], [3, 0.03481350445930788, ""A""], [1, 0.03911375822888239, ""B""]]",0.5991002090617498,13.065557477148584,ok,ok,violates,matches,True,True,False,,repair_prev,,
114f3446-6fe4-40f6-b548-b7969dd9b01e,2d105b7b-12be-476e-b010-1b274380b891,4,173,231,attack,set,3,A,0.6572142008202733,0.6314620144736173,0.03809439414890258,0.002433053513418372,"[[3, 0.03809439414890258, ""A""], [1, 0.11009668996145236, ""B""], [4, 0.16398312723076763, ""A""]]","[[3, 0.002433053513418372, ""A""], [1, 0.04486899604757907, ""B""], [4, 0.11720953714223732, ""A""]]",4.304652453318821,48.17384266142227,ok,unknown,matches,ambiguous,True,True,False,,skip,,
1e38daab-c435-4298-8788-cafb19c18171,2e984c43-cef6-4215-8d8e-50d892b510b9,2,83,135,receive,set,2,B,0.7,0.9298476302827263,0.0534224739790929,0.001912678841857516,"[[2, 0.03555889291398511, ""B""], [4, 0.0534224739790929, ""A""], [101, 0.14151865461055024, ""?""]]","[[2, 0.001912678841857516, ""B""], [4, 0.06876153492441206, ""A""], [3, 0.08629270242741066, ""A""]]",nan,nan,ok,ok,matches,matches,True,True,False,I-2,skip,,
80fb7cf9-600e-4156-8a42-3fdcc6252389,2e984c43-cef6-4215-8d8e-50d892b510b9,3,123,216,set,dig,1,B,0.5089049132666761,0.6,0.12455582854847462,0.0036933026469117046,"[[1, 0.08082582042224987, ""B""], [4, 0.12455582854847462, ""A""], [2, 0.17243064566018085, ""B""]]","[[1, 0.0036933026469117046, ""B""], [2, 0.11153583967131513, ""B""], [4, 0.12189246524985899, ""A""]]",1.384364326179038,30.1994854834277,ok,unknown,violates,matches,True,True,False,,ambiguous,,
a90fca71-eee5-4bc4-92a5-2a3c8b53ee38,2e984c43-cef6-4215-8d8e-50d892b510b9,2,106,155,receive,set,4,B,0.5860886652144311,0.8447623633663488,0.06629603371938594,0.0015592590207700642,"[[2, 0.06580414074740702, ""A""], [4, 0.1191282856867915, ""B""], [1, 0.28755506200279823, ""A""]]","[[4, 0.0015592590207700642, ""B""], [2, 0.053425425890994666, ""A""], [3, 0.07443199999765877, ""B""]]",nan,47.73549423552437,ok,ok,violates,matches,False,True,False,,ambiguous,,
422567f8-240f-4856-8048-13dd281bc342,304df1bf-1027-4815-b5b9-76bf55780b07,8,393,449,dig,set,3,B,0.7068431594157358,0.8732845275384603,0.0315898065467845,0.0548395855797154,"[[3, 0.0315898065467845, ""B""], [1, 0.06517054376153762, ""A""], [4, 0.1809535075510726, ""B""]]","[[3, 0.014682048819292609, ""B""], [4, 0.03550841525115585, ""B""], [1, 0.0548395855797154, ""A""]]",5.728224618377466,0.6474960537318512,ok,ok,matches,matches,False,False,False,,skip,,
422567f8-240f-4856-8048-13dd281bc342,304df1bf-1027-4815-b5b9-76bf55780b07,9,449,495,set,attack,3,B,0.8732845275384603,0.8767942597422816,0.0548395855797154,0.02737859257976089,"[[3, 0.014682048819292609, ""B""], [4, 0.03550841525115585, ""B""], [1, 0.0548395855797154, ""A""]]","[[3, 0.02737859257976089, ""B""], [1, 0.02737859257976089, ""A""], [4, 0.1719223064009088, ""B""]]",0.6474960537318512,6.279442812849304,ok,ok,matches,matches,False,False,False,,skip,,
0793ebd2-5301-4317-a7ba-3fb3bf9fe368,304df1bf-1027-4815-b5b9-76bf55780b07,3,190,260,set,attack,1,A,0.8614505658137623,0.6990854033252738,0.01632450263771158,0.12911815355983655,"[[1, 0.01632450263771158, ""A""], [3, 0.3996862451112739, ""B""], [2, 0.5028129764467139, ""A""]]","[[2, 0.12911815355983655, ""A""], [4, 0.24127672500995426, ""B""], [3, 0.37015844439014234, ""B""]]",30.80112072052688,1.0,ok,ok,matches,matches,True,True,False,,skip,,
0793ebd2-5301-4317-a7ba-3fb3bf9fe368,304df1bf-1027-4815-b5b9-76bf55780b07,7,381,415,attack,dig,4,B,0.6380333047236724,0.5824428845119389,0.0161465216404358,0.04867193606548844,"[[4, 0.0161465216404358, ""B""], [2, 0.09553600840999346, ""A""], [3, 0.12182608690684865, ""B""]]","[[4, 0.005762144429447855, ""B""], [2, 0.04867193606548844, ""A""], [3, 0.11418956217463802, ""B""]]",7.545035991018592,2.3461068411372654,ok,ok,matches,ambiguous,True,True,False,,skip,,
49582c29-f09c-4b39-8435-bd19451812c8,313c6c95-e586-4585-bfce-a2d293d96815,6,265,279,set,dig,1,B,0.87818501178085,0.5096435051805067,0.000757016877227413,0.018535737144328924,"[[1, 0.000757016877227413, ""B""], [2, 0.16200948567192103, ""B""], [4, 0.24435775912906177, ""A""]]","[[1, 0.0016086038950939847, ""B""], [2, 0.018535737144328924, ""B""], [3, 0.11637614042409859, ""A""]]",214.01040128099058,1.0,ok,unknown,matches,matches,False,False,False,,skip,,
65c54107-6c0f-4888-9600-6ec06939c8b5,313c6c95-e586-4585-bfce-a2d293d96815,3,164,223,attack,attack,1,B,0.800169956533518,0.39824827063072876,0.0051460142764213155,0.03275596921320869,"[[1, 0.0051460142764213155, ""B""], [4, 0.16011247849724122, ""A""], [2, 0.1772748771819607, ""B""]]","[[1, 0.03275596921320869, ""B""], [4, 0.08516287566675082, ""A""], [2, 0.08900750692769992, ""B""]]",34.4489672316344,2.7172912011349695,ok,unknown,matches,ambiguous,False,True,False,,ambiguous,,
67abc72e-530f-4aeb-9eb7-0211b4adf7cc,35ff869f-5698-4982-bcdb-267e11d70e0d,1,76,135,serve,receive,1,A,0.799366210487019,0.4087346704877824,0.05582415744057721,0.06425917759725956,"[[4, 0.05582415744057721, ""B""], [3, 0.15637080780980067, ""B""], [1, 0.17656886589776194, ""A""]]","[[1, 0.06425917759725956, ""A""], [4, 0.2920078321827032, ""B""], [3, 0.371613982366643, ""B""]]",nan,nan,unknown,ok,ambiguous,ambiguous,False,True,False,,ambiguous,,
de12d43e-788c-48ac-9d8d-f464d0bb2719,38f65800-cc68-4653-aa45-6fbe5f8ed8c3,2,176,226,receive,set,4,B,0.9,0.7968039527795707,0.002040359740460594,0.03414126350632921,"[[4, 0.002040359740460594, ""B""], [2, 0.057239928574223276, ""A""], [3, 0.11936715861039725, ""B""]]","[[4, 0.03335308922023174, ""B""], [2, 0.03414126350632921, ""A""], [1, 0.05044595947163383, ""A""]]",58.50299642917435,nan,ok,ok,matches,matches,False,False,False,,skip,,
efe1f9d7-9a8c-4519-b372-a2615c778156,38f65800-cc68-4653-aa45-6fbe5f8ed8c3,6,329,357,attack,dig,2,B,0.9423442073248949,0.36700748249565,0.04802537912251968,0.037681018061854914,"[[2, 0.04802537912251968, ""B""], [3, 0.07176116761359345, ""A""], [1, 0.18989880517420768, ""B""]]","[[4, 0.037681018061854914, ""A""], [2, 0.06805232145907583, ""B""], [3, 0.0723639126904536, ""A""]]",3.9541344315002362,nan,ok,ok,violates,matches,False,True,False,,ambiguous,,
68353726-5f14-4b57-8e7d-0e49706385a5,38f65800-cc68-4653-aa45-6fbe5f8ed8c3,3,215,250,attack,dig,3,A,0.7961835718471917,0.40459503852360457,0.054687099516076816,0.012480235384224134,"[[3, 0.054687099516076816, ""A""], [2, 0.11323471006370255, ""B""], [1, 0.13443816720454208, ""B""]]","[[4, 0.012480235384224134, ""A""], [2, 0.11181109246690814, ""B""], [3, 0.11345804244499118, ""A""]]",nan,1.0,ok,ok,matches,ambiguous,False,True,False,,ambiguous,,
2e8b3ce2-6396-4d1b-bf1b-77e384180bea,3ad271bd-b94d-4d63-86ec-4ecbe5dbfeac,2,133,183,receive,set,4,B,0.5039642888494407,0.9245575295432562,0.10485252721422636,0.04214905181458009,"[[1, 0.10485252721422636, ""A""], [3, 0.15045570633867317, ""B""], [2, 0.15564137291550437, ""A""]]","[[2, 0.023840610540578348, ""A""], [4, 0.03327218640105181, ""B""], [3, 0.04635551670388731, ""B""]]",1.4349268476025763,1.0997997513161644,ok,ok,violates,violates,False,False,False,,ambiguous,,
4740d2c9-8bb6-4ee9-add9-5f0d808439b5,3ad271bd-b94d-4d63-86ec-4ecbe5dbfeac,1,106,124,serve,receive,4,A,0.55,0.3749996525116131,nan,0.11070467636588749,[],"[[3, 0.11070467636588749, ""A""], [2, 0.14429265800519747, ""B""], [1, 0.17700172512752654, ""B""]]",nan,1.0,unknown,ok,ambiguous,violates,False,True,False,,repair_curr,,
c3c9d54f-5b18-4c11-8065-6209d268a4e0,3ad271bd-b94d-4d63-86ec-4ecbe5dbfeac,1,205,287,serve,receive,3,A,0.7928655659281095,0.9,0.03404728593612612,0.019838332836491338,"[[4, 0.03404728593612612, ""A""], [1, 0.04189311734281164, ""B""], [3, 0.06380487389045937, ""A""]]","[[3, 0.019838332836491338, ""A""], [4, 0.18924180268331034, ""A""], [2, 0.21758278272714413, ""B""]]",1.0,9.539198895544903,unknown,ok,ambiguous,ambiguous,False,True,False,,skip,,
187030ee-9ebb-49f8-8757-cd01ad880ef8,4cd680c7-2333-4dab-9fed-159f064a9e8c,3,118,169,set,attack,2,B,0.9235144052144845,0.7893002627812676,0.0007799854209485386,0.03607450294659065,"[[1, 0.0007799854209485386, ""B""], [2, 0.04514137404354604, ""B""], [3, 0.045430884357014756, ""A""]]","[[1, 0.03607450294659065, ""B""], [2, 0.11513204502342632, ""B""], [3, 0.13529644229288532, ""A""]]",1.0,1.0,ok,ok,matches,matches,False,False,False,,skip,,
bb90082c-6906-49e1-a205-0a117cebb384,4f2bd66a-61a1-49ac-8137-fd2576e0e851,2,310,416,receive,set,3,B,0.46608990603609657,0.926103392747207,0.07320124626839987,0.015260808962024534,"[[1, 0.0635827371659235, ""A""], [3, 0.11637223506674685, ""B""], [2, 0.18723221585359937, ""A""]]","[[3, 0.015260808962024534, ""B""], [2, 0.06611628914592024, ""A""], [1, 0.14690958536326537, ""A""]]",nan,nan,ok,ok,violates,matches,False,False,False,,repair_prev,,
2dff5eeb-d0de-4ad8-88b4-e35e04ad00cd,56f2739d-ff3c-4cac-8ada-4f275e57ab63,3,126,170,set,attack,1,B,0.7784640666369345,0.5350387108052976,0.04533185709961649,0.0848025049704051,"[[1, 0.03850453668285428, ""B""], [3, 0.04533185709961649, ""A""], [4, 0.1252281055983003, ""A""]]","[[3, 0.0848025049704051, ""A""], [2, 0.10818760761394443, ""B""], [4, 0.1851820954064005, ""A""]]",nan,1.2757595739854666,ok,ok,matches,violates,False,False,False,I-2,ambiguous,,
afba1e99-e329-4062-91be-229779bd71e7,56f2739d-ff3c-4cac-8ada-4f275e57ab63,1,50,81,serve,receive,3,A,0.7238789024871299,0.9,0.13707628624336746,0.0387116848965718,"[[1, 0.09819907434716926, ""B""], [4, 0.13707628624336746, ""A""], [2, 0.28179802215865457, ""B""]]","[[3, 0.0387116848965718, ""A""], [4, 0.17880630822675062, ""A""], [1, 0.21780320254403568, ""B""]]",1.0,4.618923425949492,unknown,ok,ambiguous,ambiguous,False,True,False,,skip,,
ce2073b6-d424-42ea-b9c9-b9b3fbc6d6e9,56f2739d-ff3c-4cac-8ada-4f275e57ab63,3,127,175,set,attack,1,B,0.8239934592455856,0.43908017049719467,0.05435411735376824,0.08322420201649301,"[[3, 0.05435411735376824, ""A""], [1, 0.07935013795186029, ""B""], [2, 0.10831032327842441, ""B""]]","[[1, 0.06791987076498865, ""B""], [3, 0.17336307830075476, ""A""], [2, 0.22796208778542146, ""B""]]",1.9926792771461594,2.7391321546134493,ok,ok,violates,matches,False,False,False,,ambiguous,,
ef0585b3-52c4-4c47-a4f2-ed7643f84111,56f2739d-ff3c-4cac-8ada-4f275e57ab63,2,74,126,receive,set,3,B,0.5489426389507999,0.8465216226005869,0.12086328247667463,0.005068241523087943,"[[3, 0.10721770418367531, ""B""], [1, 0.12086328247667463, ""A""], [2, 0.15176238768431535, ""A""]]","[[3, 0.005068241523087943, ""B""], [1, 0.06599299147375769, ""A""], [2, 0.29378022530975806, ""A""]]",nan,nan,ok,ok,matches,matches,False,False,False,I-2,skip,,
7f0f540a-aa6b-4c37-b2e6-eec3b7e74da7,5c756c41-1cc1-4486-a95c-97398912cfbe,2,151,281,receive,receive,2,A,0.4356304263795209,0.8133420171028766,0.0063537706828053825,0.024331898728664772,"[[4, 0.0063537706828053825, ""B""], [2, 0.1106264073287258, ""A""], [3, 0.14236852560040947, ""B""]]","[[2, 0.024331898728664772, ""A""], [4, 0.211240943218773, ""B""], [3, 0.32363238987142384, ""B""]]",nan,nan,ok,unknown,ambiguous,matches,False,False,False,,ambiguous,,
9d443de0-2a0c-49db-ae82-82b0bec04c67,601d4a69-b6e9-4b7c-9bd4-2511d282dc5e,2,63,110,receive,set,3,B,0.3762003089563611,0.7524442994587839,0.0018296068099872055,0.015809241098771756,"[[3, 0.0018296068099872055, ""B""], [4, 0.09034864428752386, ""B""], [2, 0.11662858040902552, ""A""]]","[[3, 0.015809241098771756, ""B""], [4, 0.16208243981412646, ""B""], [2, 0.21994516921741925, ""A""]]",49.38145386994688,10.252385854670715,ok,ok,ambiguous,matches,False,False,False,,ambiguous,,
53ca3586-1751-4dec-94f2-f996651e7126,601d4a69-b6e9-4b7c-9bd4-2511d282dc5e,3,188,219,set,attack,4,B,0.9495413901896035,0.7594254530857,0.05660785609362741,0.03548156379725477,"[[3, 0.03441903831025003, ""B""], [4, 0.04412878014986961, ""B""], [2, 0.05660785609362741, ""A""]]","[[4, 0.0031542335668584246, ""B""], [2, 0.03548156379725477, ""A""], [3, 0.04536053372937721, ""B""]]",0.6080258233649081,1.278425437744849,ok,ok,matches,matches,False,False,False,,skip,,
f99f99f7-ca9f-4cb8-befc-cafd6f9ffc80,601d4a69-b6e9-4b7c-9bd4-2511d282dc5e,4,230,242,attack,block,2,A,0.9503509197446359,0.48823462921568767,0.05335794334491878,0.13516166149766384,"[[2, 0.007495182325967868, ""A""], [3, 0.05335794334491878, ""B""], [4, 0.20153522345812894, ""B""]]","[[3, 0.13516166149766384, ""B""], [2, 0.13516166149766384, ""A""], [4, 0.32546294692432387, ""B""]]",nan,nan,ok,ok,ambiguous,matches,False,False,False,,ambiguous,,
e7d41f54-97f9-4c52-b910-e8e6c1ad23f1,601d4a69-b6e9-4b7c-9bd4-2511d282dc5e,2,107,139,receive,receive,1,A,0.7,0.6,0.056238948314533854,0.09307125491568549,"[[4, 0.056238948314533854, ""B""], [3, 0.1359417441020759, ""B""], [1, 0.15015948451700978, ""A""]]","[[1, 0.08420914606473044, ""A""], [4, 0.09307125491568549, ""B""], [3, 0.1891893209737394, ""B""]]",nan,nan,ok,unknown,ambiguous,matches,False,False,False,,skip,,
9ddcfd09-96bb-476f-bea0-adf32ebaa9db,601d4a69-b6e9-4b7c-9bd4-2511d282dc5e,3,229,282,set,attack,4,B,0.8552566481032235,0.9108344916388098,0.003851133299641677,0.06591932739456573,"[[4, 0.003851133299641677, ""B""], [3, 0.054333566916886296, ""B""], [2, 0.10673085239129969, ""A""]]","[[2, 0.05725333809213041, ""A""], [3, 0.06591932739456573, ""B""], [4, 0.1932884472607627, ""B""]]",14.108461766810741,1.0,ok,ok,matches,violates,False,False,False,,ambiguous,,
f0fdfcdb-f03f-43a1-be77-e72c73697b2d,627c1add-8a80-42ab-8278-3617880ebf81,2,422,510,set,attack,4,B,0.7,0.7431533853789896,0.05123933954808715,0.0449174317954616,"[[2, 0.04802980874293495, ""A""], [4, 0.05123933954808715, ""B""], [1, 0.06216553936970585, ""A""]]","[[4, 0.0449174317954616, ""B""], [1, 0.14685675781111446, ""A""], [2, 0.20730994989862467, ""A""]]",nan,nan,wrong,ok,violates,matches,False,False,False,,repair_prev,,
8449bc3b-41a1-4679-88f0-988462581399,627c1add-8a80-42ab-8278-3617880ebf81,1,201,351,serve,set,2,A,0.7,0.4806455359327147,nan,0.025396394787059035,[],"[[2, 0.025396394787059035, ""A""], [4, 0.08485119324269778, ""B""], [1, 0.12451653378365962, ""A""]]",nan,4.902921648040696,unknown,wrong,ambiguous,ambiguous,False,True,False,,repair_curr,,
bf5b72cf-dce1-4fcd-8939-f3d033e1333b,635dcba2-2645-49d1-ac62-072f05c957d9,3,190,233,set,attack,1,A,0.8020810433789254,0.5374725058439206,0.03413633189349097,0.08966535439275061,"[[1, 0.03413633189349097, ""A""], [4, 0.046131244408196284, ""B""], [3, 0.10961607065171955, ""B""]]","[[1, 0.08966535439275061, ""A""], [3, 0.10481778516917661, ""B""], [2, 0.11917115032907734, ""A""]]",nan,1.3290657371082921,ok,ok,matches,matches,True,True,False,,skip,,
a938fad1-5a00-4a93-8715-9c0d51a9d692,635dcba2-2645-49d1-ac62-072f05c957d9,2,143,247,receive,set,1,A,0.9,0.7652565292201947,0.03343969447255934,0.0072684289446788,"[[1, 0.03343969447255934, ""A""], [4, 0.08063657915256423, ""B""], [2, 0.12602036614941023, ""A""]]","[[1, 0.0072684289446788, ""A""], [4, 0.10490463671108909, ""B""], [3, 0.13970192626355513, ""B""]]",3.7685860513116447,nan,ok,ok,matches,matches,False,True,False,,skip,,
974d4b76-99ec-4f23-b8c3-fa8e07682069,635dcba2-2645-49d1-ac62-072f05c957d9,1,83,117,serve,receive,3,B,0.7,0.8678696618709475,0.01852644881662798,0.009485992261046315,"[[3, 0.01852644881662798, ""B""], [4, 0.12101037435783138, ""B""], [2, 0.1621171070279652, ""A""]]","[[3, 0.009485992261046315, ""B""], [4, 0.10762025982049848, ""B""], [2, 0.18077469433225882, ""A""]]",6.53176307858964,11.345176852234523,unknown,ok,ambiguous,ambiguous,True,True,False,,skip,,
974d4b76-99ec-4f23-b8c3-fa8e07682069,635dcba2-2645-49d1-ac62-072f05c957d9,3,167,212,set,attack,1,A,0.8737094647839655,0.5895505334393533,0.05218646325512394,0.13986735871525352,"[[1, 0.006107739772803032, ""A""], [4, 0.03937143831215269, ""B""], [3, 0.05898482730456686, ""B""]]","[[3, 0.12414151925457877, ""B""], [1, 0.12726716543966274, ""A""], [4, 0.13981195326951174, ""B""]]",nan,nan,ok,ok,ambiguous,violates,True,True,False,,ambiguous,,
a0aba15e-06e9-4502-8d89-b1cf2d80a908,647d5b3c-0ded-478c-a295-113d634dbd82,7,597,659,set,set,2,A,0.45208069983949406,0.36728093578491544,0.11478509013710975,0.045863836231088216,"[[1, 0.10872409904527353, ""A""], [2, 0.11312672647991394, ""A""], [3, 0.11478509013710975, ""B""]]","[[1, 0.045863836231088216, ""A""], [2, 0.0912522980047531, ""A""], [3, 0.22093824062716225, ""B""]]",0.947197052469128,1.0,unknown,wrong,violates,matches,True,True,False,,ambiguous,,
a0aba15e-06e9-4502-8d89-b1cf2d80a908,647d5b3c-0ded-478c-a295-113d634dbd82,8,659,776,set,dig,2,A,0.36728093578491544,0.5748897069572817,0.045863836231088216,0.06594420680968374,"[[1, 0.045863836231088216, ""A""], [2, 0.0912522980047531, ""A""], [3, 0.22093824062716225, ""B""]]","[[2, 0.06553198452560358, ""A""], [1, 0.07663159401012416, ""A""]]",1.0,1.1620671127531252,wrong,unknown,matches,matches,True,True,False,,repair_prev,,
a0aba15e-06e9-4502-8d89-b1cf2d80a908,647d5b3c-0ded-478c-a295-113d634dbd82,10,867,971,set,block,1,A,0.6693959147013395,0.6,0.07332600435394249,0.012862567135525487,"[[1, 0.07332600435394249, ""A""], [2, 0.1364269760692202, ""A""], [3, 0.16038520170134396, ""B""]]","[[1, 0.012862567135525487, ""A""], [4, 0.11132364117755462, ""B""], [2, 0.2103376066436565, ""A""]]",1.8605538004047124,16.352692617846024,ok,unknown,matches,matches,True,True,False,,skip,,
67166481-311c-451c-8e0c-609f11a6f89b,6f8ca447-a244-4833-bf49-e9f949defc1a,4,475,488,attack,block,2,A,0.8409958886104941,0.4359638079285118,0.0334959379039118,0.04752170666980647,"[[2, 0.0334959379039118, ""A""], [1, 0.1325251940472086, ""B""], [3, 0.19172858514900393, ""B""]]","[[2, 0.03936004212948931, ""A""], [1, 0.13651996233645158, ""B""], [3, 0.1982984814543365, ""B""]]",nan,nan,ok,ok,ambiguous,ambiguous,False,True,False,,ambiguous,,
3262960a-89fb-4f3d-8f0d-fb933ecee6de,70ab9d7f-8cc4-48cb-892a-1c36793cac72,7,526,559,attack,dig,1,A,0.8130990039219187,0.5537539911998378,0.0786467088096192,0.08189461841709969,"[[1, 0.0786467088096192, ""A""], [2, 0.23402763739070703, ""A""], [4, 0.23635860760178082, ""B""]]","[[4, 0.07022884152067287, ""B""], [2, 0.07729734285499523, ""A""], [1, 0.08189461841709969, ""A""]]",2.975682529287015,0.9438635205711571,ok,ok,matches,matches,False,False,False,,skip,,
bf55f0f5-9329-4444-9d1b-11a4f7a6181e,70ab9d7f-8cc4-48cb-892a-1c36793cac72,1,385,535,serve,set,3,A,0.7,0.7,nan,0.032750975513380146,[],"[[3, 0.032750975513380146, ""A""], [1, 0.12119370474240296, ""B""], [4, 0.17628536918385573, ""A""]]",nan,5.382599034701601,unknown,wrong,ambiguous,ambiguous,False,True,False,,ambiguous,,
376961e0-29af-453a-a063-1c642600c3bc,70ab9d7f-8cc4-48cb-892a-1c36793cac72,2,248,427,receive,attack,3,A,0.6005896515458308,0.8233599111590286,0.00997044862589482,0.09137594908241892,"[[3, 0.00997044862589482, ""A""], [2, 0.06716694661818566, ""B""], [1, 0.07899758931827282, ""B""]]","[[3, 0.09137594908241892, ""A""], [4, 0.2210088565643046, ""A""], [1, 0.2307641093089136, ""B""]]",nan,2.418676454621116,ok,ok,matches,matches,False,False,False,,skip,,
281730b7-0916-4aac-b29c-8bd294f8b4d3,7ba71fc4-5348-471c-b38d-8dfd029208e4,1,36,50,serve,receive,2,A,0.3996297521654277,0.35921548409207177,0.19192938858340775,0.042511627195641784,"[[2, 0.19192938858340775, ""A""], [1, 0.5168854174069085, ""A""], [4, 0.5784057329393454, ""B""]]","[[2, 0.042511627195641784, ""A""], [1, 0.48791808053024954, ""A""], [4, 0.5645207375028283, ""B""]]",2.6931019851724427,11.477285456160333,unknown,ok,ambiguous,ambiguous,False,True,False,,ambiguous,,
281730b7-0916-4aac-b29c-8bd294f8b4d3,7ba71fc4-5348-471c-b38d-8dfd029208e4,3,78,184,receive,attack,4,B,0.5301982915957331,0.85605915861862,0.027453027327861437,0.022215804585701125,"[[4, 0.027453027327861437, ""B""], [3, 0.03343323546726461, ""B""], [2, 0.2183162335775946, ""A""]]","[[4, 0.022215804585701125, ""B""], [1, 0.13914009727265977, ""A""], [3, 0.2443595854266658, ""B""]]",1.217834196133772,10.999357888840283,unknown,ok,ambiguous,matches,False,True,False,,skip,,
1f5ff17d-014f-4093-b6e6-c85360fb1638,7bc3ae8a-01b8-454f-9697-49c5f7b6effe,2,162,253,receive,attack,1,B,0.7329612593595072,0.5410522327435345,0.05780712288429123,0.002471654178808678,"[[3, 0.05780712288429123, ""A""], [1, 0.061827651500458075, ""B""], [4, 0.12365495633726759, ""A""]]","[[1, 0.002471654178808678, ""B""], [2, 0.12406656319798189, ""B""], [4, 0.1453190763688429, ""A""]]",nan,50.19576130904413,ok,ok,violates,matches,False,False,False,,ambiguous,,
ae617088-e214-4bfc-9dff-b484ff026bb7,7bc3ae8a-01b8-454f-9697-49c5f7b6effe,1,40,78,serve,receive,3,A,0.7,0.7,nan,0.07970888021809215,[],"[[3, 0.07970888021809215, ""A""], [1, 0.3108217060027716, ""A""], [2, 0.3463829991971064, ""B""]]",nan,3.899461454637547,unknown,ok,ambiguous,ambiguous,False,True,False,,skip,,
9501aa64-bd53-45f6-9b28-3a2d62224956,7c61e308-64b2-4e3d-a3e4-10815645bda2,2,244,343,set,attack,2,B,0.6985092238286397,0.655709574380018,0.07938282254551327,0.08700536116732298,"[[4, 0.07938282254551327, ""A""], [2, 0.10394453076673173, ""B""], [3, 0.2118382917516713, ""A""]]","[[2, 0.08700536116732298, ""B""], [1, 0.14154710511924026, ""B""], [4, 0.20203567140314685, ""A""]]",nan,1.6268779672901559,wrong,ok,violates,matches,False,False,False,,repair_prev,,
724ead56-4093-48b6-8a78-fabc1a18fca1,7d77980f-3006-40e0-adc0-db491a5bb659,2,74,120,receive,set,1,B,0.6659239053689331,0.8847474357930482,0.034609852501208876,0.0039335868898138305,"[[3, 0.034609852501208876, ""A""], [2, 0.05608743539736004, ""B""], [1, 0.09190930579532523, ""B""]]","[[1, 0.0039335868898138305, ""B""], [3, 0.02697333732858605, ""A""], [4, 0.037418233952097896, ""A""]]",1.6205626821264545,nan,ok,ok,violates,matches,False,False,False,,ambiguous,,
d5c51d52-6e57-4739-a86c-aef3ce2b5f80,7d77980f-3006-40e0-adc0-db491a5bb659,5,264,305,set,attack,1,B,0.6606743737168539,0.8623141379515402,0.04141645994764078,0.04266131029314039,"[[1, 0.04141645994764078, ""B""], [4, 0.05187188830527112, ""A""], [2, 0.057513373032620885, ""B""]]","[[1, 0.04266131029314039, ""B""], [2, 0.11778160707415777, ""B""], [4, 0.13422830159681645, ""A""]]",1.3886598010870563,2.7608530133003475,ok,ok,ambiguous,matches,False,False,False,,skip,,
184650b5-3d47-439a-8094-45c20d4b86ea,808a5618-a5dc-4d36-93a8-c502c3eb53c5,3,159,203,receive,set,4,A,0.6,0.47762739750735217,0.05198649568190094,0.14753593720337427,"[[3, 0.05198649568190094, ""A""], [1, 0.14959614067879193, ""B""], [2, 0.1863445375398109, ""B""]]","[[4, 0.14753593720337427, ""A""], [1, 0.21049195785109934, ""B""], [2, 0.2131148861176198, ""B""]]",1.0,nan,unknown,ok,matches,matches,False,False,False,,ambiguous,,
4f73e54c-b1b2-4fa8-a90d-044287987aa6,808a5618-a5dc-4d36-93a8-c502c3eb53c5,1,183,232,serve,set,2,B,0.8710952306375437,0.6286257006953391,0.043660340145486615,0.12178195371045515,"[[3, 0.043660340145486615, ""A""], [2, 0.053930087212495086, ""B""], [1, 0.09977511546283033, ""B""]]","[[3, 0.12178195371045515, ""A""], [2, 0.14619749619189099, ""B""], [1, 0.16109322301604678, ""B""]]",2.285257401347675,1.3228004487352605,unknown,wrong,ambiguous,matches,False,True,False,,ambiguous,,
4f73e54c-b1b2-4fa8-a90d-044287987aa6,808a5618-a5dc-4d36-93a8-c502c3eb53c5,2,232,281,set,attack,2,B,0.6286257006953391,0.49410616800348156,0.12178195371045515,0.08111378973965427,"[[3, 0.12178195371045515, ""A""], [2, 0.14619749619189099, ""B""], [1, 0.16109322301604678, ""B""]]","[[2, 0.08111378973965427, ""B""], [3, 0.10716991742796061, ""A""], [1, 0.15790177217345475, ""B""]]",1.3228004487352605,1.9466698902894555,wrong,ok,matches,matches,False,True,False,,ambiguous,,
e3348468-fb03-4c99-bc07-8c7757b463ef,840e8b6b-8428-48d6-8af8-d239d7c64f5c,14,542,557,set,attack,2,A,0.8026851330694091,0.3819723462442275,0.015863683182218244,0.002825952421464793,"[[2, 0.015863683182218244, ""A""], [1, 0.022599413248059856, ""A""], [3, 0.24150012414612615, ""B""]]","[[2, 0.002825952421464793, ""A""], [1, 0.05939742463268056, ""A""], [3, 0.2140965140451191, ""B""]]",1.424600642137871,21.018550836709675,ok,ok,matches,matches,True,True,False,,ambiguous,,
d7c9c9e0-5547-4dd1-8861-624d0a45f0cd,840e8b6b-8428-48d6-8af8-d239d7c64f5c,3,130,163,set,attack,2,B,0.7687963952909589,0.41831051783203055,0.019377020177395052,0.056794194535835944,"[[2, 0.019377020177395052, ""B""], [3, 0.08837931837008138, ""A""], [1, 0.11397769235262027, ""A""]]","[[2, 0.054553510180457974, ""B""], [1, 0.1752159025290085, ""A""], [3, 0.18800708223600882, ""A""]]",nan,nan,ok,ok,matches,matches,False,False,False,,ambiguous,,
6a467cf6-0bc7-401d-8497-6124e932ee8f,84e66e74-8d4f-420a-ad01-0ada95153ad0,6,343,361,attack,dig,3,B,0.892862388153097,0.38134504258778373,0.04752834204922619,0.02282029577737758,"[[3, 0.04752834204922619, ""B""], [2, 0.13046608360908105, ""A""], [4, 0.15053759932171884, ""B""]]","[[3, 0.011571320335229634, ""B""], [4, 0.07179611396189337, ""B""], [2, 0.11516098446914795, ""A""]]",3.167322755879084,3.146151770437039,ok,ok,ambiguous,ambiguous,False,True,False,,ambiguous,,
2eeb3ae6-cf97-4eeb-9400-28a8060a7636,84e66e74-8d4f-420a-ad01-0ada95153ad0,14,618,671,set,attack,4,A,0.6630501707867656,0.8982576762802178,0.022113698476029942,0.0741445498275104,"[[3, 0.012346680006702956, ""A""], [1, 0.02688794761153627, ""B""], [2, 0.18721867106474147, ""B""]]","[[4, 0.0741445498275104, ""A""], [1, 0.21140252302678003, ""B""], [2, 0.21240653154885492, ""B""]]",0.5583272296167958,nan,ok,ok,ambiguous,matches,False,True,False,,ambiguous,,
2eeb3ae6-cf97-4eeb-9400-28a8060a7636,84e66e74-8d4f-420a-ad01-0ada95153ad0,15,671,689,attack,dig,4,A,0.8982576762802178,0.8841068103281934,0.0741445498275104,0.017390627906857282,"[[4, 0.0741445498275104, ""A""], [1, 0.21140252302678003, ""B""], [2, 0.21240653154885492, ""B""]]","[[4, 0.017390627906857282, ""A""], [1, 0.022891178594477667, ""B""], [2, 0.06308983501283154, ""B""]]",nan,nan,ok,ok,matches,violates,False,True,False,,ambiguous,,
b28dcbf1-96ec-41c2-b0d5-9c03a3d8a412,84e66e74-8d4f-420a-ad01-0ada95153ad0,5,256,361,dig,attack,3,A,0.7983084968599842,0.636659819997247,0.048842996388309634,0.11093358541443372,"[[3, 0.048842996388309634, ""A""], [2, 0.29452346008552244, ""B""], [4, 0.39137799987373645, ""A""]]","[[3, 0.11093358541443372, ""A""], [4, 0.18978927252813635, ""A""], [2, 0.23493305831061564, ""B""]]",8.012980955595328,1.7108369103829812,ok,ok,matches,matches,False,False,False,,skip,,
cce8c015-6d30-4d1c-80e8-baeb340c4b35,84e66e74-8d4f-420a-ad01-0ada95153ad0,4,218,306,dig,attack,1,A,0.4237869847354081,0.79014167830208,0.03240681476843305,0.0935717333883803,"[[1, 0.03240681476843305, ""A""], [4, 0.1292946502821507, ""B""], [2, 0.3911564798971982, ""A""]]","[[1, 0.0935717333883803, ""A""], [4, 0.23298424811112198, ""B""], [2, 0.27672712630695456, ""A""]]",12.070192109044216,2.957379502187553,unknown,ok,ambiguous,matches,False,False,False,,ambiguous,,
9666105f-a795-4062-b16a-e349276ecf72,84e66e74-8d4f-420a-ad01-0ada95153ad0,6,350,380,attack,dig,1,A,0.8732554803974527,0.7561109850235621,0.07687784004239982,0.14204487568120108,"[[3, 0.07687784004239982, ""B""], [2, 0.17220845591991701, ""A""], [4, 0.18767284805223802, ""B""]]","[[1, 0.14204487568120108, ""A""], [4, 0.29279074644871184, ""B""], [3, 0.3509071865555951, ""B""]]",2.2400272409440776,nan,ok,ok,matches,ambiguous,False,False,False,,skip,,
1126ab99-7d42-441d-9faf-0e218053cecb,84e66e74-8d4f-420a-ad01-0ada95153ad0,2,136,239,receive,attack,1,A,0.5644748967658992,0.6902561663844538,0.007152003764747854,0.11927710241240133,"[[1, 0.007152003764747854, ""A""], [4, 0.07247958120098508, ""B""], [3, 0.1269247154496955, ""B""]]","[[1, 0.11927710241240133, ""A""], [4, 0.24174156668787222, ""B""], [3, 0.3580755438154412, ""B""]]",nan,nan,ok,ok,matches,matches,False,False,False,,skip,,
ad8780cb-18b2-4387-a2f9-82e05233250e,85108567-a028-4303-87a7-5004a87603a5,3,111,162,dig,attack,3,A,0.6,0.8819600949721911,0.005352132041945114,0.06339659255918836,"[[3, 0.005352132041945114, ""A""], [1, 0.31580397967152213, ""B""], [2, 0.35676221712751177, ""B""]]","[[3, 0.06339659255918836, ""A""], [1, 0.16940849058683768, ""B""], [4, 0.18917728867804548, ""A""]]",nan,2.984029283615293,unknown,ok,ambiguous,matches,False,False,False,,skip,,
8e9ce257-b51f-4eed-aefd-094352d1237b,90266c1d-5ef9-4285-8ed9-07f4b7116021,13,1353,1451,set,attack,3,B,0.48792091000311105,0.9132992151691803,0.06546909188761489,0.02940413293898091,"[[3, 0.06546909188761489, ""B""], [2, 0.08077547623157812, ""A""], [1, 0.12301748222209592, ""A""]]","[[3, 0.02940413293898091, ""B""], [2, 0.24972992073022504, ""A""], [1, 0.32465034501427775, ""A""]]",nan,nan,ok,ok,violates,matches,True,True,False,,repair_prev,,
8e9ce257-b51f-4eed-aefd-094352d1237b,90266c1d-5ef9-4285-8ed9-07f4b7116021,15,1608,1704,attack,set,4,B,0.6,0.5613610012445667,0.03485433774851922,0.04149829919817062,"[[4, 0.03485433774851922, ""B""], [1, 0.08597081366117677, ""A""], [3, 0.13699703869390983, ""B""]]","[[4, 0.04149829919817062, ""B""], [3, 0.06055442680887127, ""B""], [2, 0.08562786604738115, ""A""]]",3.93055922285398,1.459202617430179,unknown,unknown,ambiguous,ambiguous,True,True,False,,skip,,
d5b199ea-f448-4ccf-a1b2-cc04de6720f8,9170269b-8259-462e-8a23-28da51026410,5,261,334,attack,set,1,A,0.47685198792518735,0.8875178883696541,0.09698985824379194,0.019666698990737773,"[[1, 0.09698985824379194, ""A""], [2, 0.2046721896565059, ""A""], [3, 0.20624260618064208, ""B""]]","[[1, 0.019666698990737773, ""A""], [2, 0.060236759108028684, ""A""], [3, 0.15309705955166844, ""B""]]",2.1102432085429554,3.062881022198885,unknown,unknown,matches,ambiguous,False,False,False,,ambiguous,,
ec483e08-01a2-4118-9dc2-5708ec203e7f,9170269b-8259-462e-8a23-28da51026410,4,201,262,attack,set,1,A,0.9183974875229588,0.8111618228192353,0.05664423333887065,0.02149130141393096,"[[1, 0.05664423333887065, ""A""], [3, 0.12466612375606967, ""B""], [2, 0.20111417482330757, ""A""]]","[[1, 0.02149130141393096, ""A""], [3, 0.06302665611240255, ""B""], [2, 0.1694832671696423, ""A""]]",3.5504792450831553,7.8861332734266565,ok,unknown,ambiguous,ambiguous,False,True,False,,skip,,
0af554b5-11cc-4404-aebe-d40cadf21d95,920ba69d-2526-4e6c-a357-c44af3bf5c99,3,128,177,set,attack,2,A,0.9157452445411025,0.9334357166377235,0.025523149977793196,0.07092615217624612,"[[3, 0.025523149977793196, ""B""], [4, 0.02826157832055016, ""B""], [2, 0.10779303383741647, ""A""]]","[[2, 0.052595729766611844, ""A""], [4, 0.07092615217624612, ""B""], [3, 0.16093629903640774, ""B""]]",nan,nan,ok,ok,matches,matches,False,False,False,,skip,,
0d249f1b-01ae-4e59-80c8-a78b35096d50,920ba69d-2526-4e6c-a357-c44af3bf5c99,1,83,118,serve,receive,2,A,0.692894499098643,0.7004827328469689,0.08016498330479876,0.026492116082798507,"[[3, 0.08016498330479876, ""B""], [2, 0.18405044289232933, ""A""], [4, 0.3049508376939133, ""B""]]","[[4, 0.026492116082798507, ""B""], [2, 0.21535110535943675, ""A""], [3, 0.16524376914547223, ""B""]]",nan,nan,unknown,ok,ambiguous,matches,False,True,False,,skip,,
35943ff9-6b0a-4ed8-8217-5c18fe15837b,920ba69d-2526-4e6c-a357-c44af3bf5c99,6,295,335,dig,set,2,A,0.6164280305983764,0.45657068642464105,0.025468238610920853,0.13538800424017317,"[[2, 0.025468238610920853, ""A""], [3, 0.17055949532396586, ""B""], [1, 0.28785174767293553, ""A""]]","[[1, 0.11315377927897294, ""A""], [2, 0.13538800424017317, ""A""], [3, 0.27736072080539104, ""B""]]",11.302381451283557,0.835774040056329,unknown,ok,ambiguous,matches,False,False,False,,ambiguous,,
1f141057-706c-438e-a69a-2aecf735389f,952e1bf8-6d11-4960-a01a-d76fa444b179,15,1491,1495,attack,block,2,B,0.8452378191659038,0.9,0.0660207626002431,0.03723923691825601,"[[2, 0.0660207626002431, ""B""], [3, 0.06786038992665297, ""A""], [1, 0.20755401347067431, ""B""]]","[[3, 0.03723923691825601, ""A""], [2, 0.055760251595912226, ""B""], [4, 0.22553562648450623, ""A""]]",3.1437687978161897,nan,ok,ok,matches,matches,False,True,False,,skip,,
17b080fa-c033-464a-a3aa-441af554a8a4,9a6a9499-ca96-45e3-9f15-d5902c070c0a,9,338,363,dig,attack,1,A,0.9217668127605978,0.6,0.00246958110150584,0.008783903706870648,"[[1, 0.00246958110150584, ""A""], [3, 0.004012843709431624, ""B""], [4, 0.16878511246699635, ""B""]]","[[1, 0.008783903706870648, ""A""], [3, 0.08655463290421606, ""B""], [4, 0.1614071308151429, ""B""]]",nan,nan,unknown,ok,matches,matches,True,True,False,,skip,,
4f4e0a0a-6b77-4cab-b1ec-470335300866,9a6a9499-ca96-45e3-9f15-d5902c070c0a,1,121,150,serve,receive,1,A,0.5780445314938619,0.9,0.14428905938770112,0.035677802644748645,"[[4, 0.08130486581164918, ""B""], [2, 0.14378532712856057, ""A""], [3, 0.18938786389943085, ""B""]]","[[1, 0.035677802644748645, ""A""], [3, 0.12521908693719247, ""B""], [2, 0.2103147999698143, ""A""]]",0.9965088672607738,5.894836127212285,unknown,ok,ambiguous,ambiguous,False,True,False,,skip,,
d362c7b2-2699-4edd-be83-5e5b563bf463,9a6a9499-ca96-45e3-9f15-d5902c070c0a,5,255,304,dig,attack,2,A,0.8874440964844915,0.6,0.005430966664677489,0.003642208052605159,"[[2, 0.005430966664677489, ""A""], [4, 0.02155856851600429, ""B""], [1, 0.051297554821965186, ""A""]]","[[2, 0.003642208052605159, ""A""], [4, 0.1451277037720073, ""B""], [3, 0.20599221253108618, ""B""]]",9.445382008252746,nan,ok,ok,ambiguous,matches,True,True,False,,skip,,
eff4febd-2d1c-4888-aff5-916577342d12,a5866029-7cf4-42d6-adc2-8e28111ffd81,3,100,147,set,block,4,A,0.9043099574064478,0.7203063216894819,0.011767625048497677,0.10407344815890025,"[[4, 0.011767625048497677, ""A""], [3, 0.049423813483176884, ""A""], [1, 0.05985202042210022, ""B""]]","[[4, 0.10407344815890025, ""A""], [2, 0.23916543007386004, ""B""], [1, 0.27152726645888386, ""B""]]",4.199982008220649,nan,ok,unknown,ambiguous,matches,False,False,False,,skip,,
33fa851b-248a-48b9-bb10-9f13fc5ee916,a7ee3d38-a3a9-4dcd-a2af-e0617997e708,2,53,108,receive,set,4,B,0.9,0.8681602197932131,0.018134212659865343,0.0062449436080934595,"[[4, 0.016248871651382737, ""B""], [3, 0.018134212659865343, ""B""], [2, 0.08005824253483293, ""A""]]","[[4, 0.0062449436080934595, ""B""], [2, 0.04532096347943957, ""A""], [3, 0.0478323258932849, ""B""]]",1.0,7.659368746147541,ok,ok,matches,matches,False,False,False,,skip,,
75886ef9-9e91-4910-8b26-4ddce440d6d8,a9f053a9-7277-4085-9d9c-0ef769a61486,2,202,235,receive,set,1,B,0.651902737937171,0.7138387222976992,0.014964132261936618,0.0076406729152991544,"[[4, 0.014947335754465689, ""A""], [2, 0.04193191119604874, ""B""], [1, 0.07962669996743837, ""B""]]","[[1, 0.0076406729152991544, ""B""], [3, 0.06914571009630865, ""A""], [2, 0.1633522712022422, ""B""]]",2.802161225392833,21.379304285510887,ok,ok,ambiguous,matches,False,False,False,,skip,,
2b7cf325-da83-488a-9056-1a4ef4de6d02,a9f053a9-7277-4085-9d9c-0ef769a61486,3,122,158,set,receive,1,A,0.8307466026179872,0.6,0.06465993507535221,0.0023976435577452095,"[[3, 0.06465993507535221, ""B""], [4, 0.11409831188941351, ""B""], [2, 0.13075420166501284, ""A""]]","[[1, 0.0023976435577452095, ""A""], [4, 0.08416896872721724, ""B""], [3, 0.12508453156455, ""B""]]",2.022182693388679,nan,ok,unknown,matches,matches,False,False,False,,skip,,
3eb37b1b-ccdb-4dd7-854f-bfee2990ef0b,ab2ccb1d-80fb-4d0e-b90a-a11b65a3498c,3,363,398,set,attack,4,A,0.7361004333810007,0.4011960846567551,0.019470429996723288,0.010692306115161792,"[[4, 0.019470429996723288, ""A""], [2, 0.17488100892429548, ""A""]]","[[4, 0.010692306115161792, ""A""], [2, 0.05033382158871759, ""A""]]",8.98187707994772,4.707480411297218,ok,ok,ambiguous,matches,False,False,False,,ambiguous,,
169292de-2bef-45ce-acad-32aa0f5e308e,ab2ccb1d-80fb-4d0e-b90a-a11b65a3498c,5,621,713,set,attack,3,B,0.6586375379678828,0.8124376786462241,0.031027765130727192,0.052043609591246626,"[[2, 0.031027765130727192, ""A""], [3, 0.0567202052988962, ""B""], [4, 0.07056335355598384, ""B""]]","[[3, 0.052043609591246626, ""B""], [2, 0.17400162615041212, ""A""], [4, 0.22523057062910545, ""B""]]",2.274200325375805,4.327727696024137,unknown,ok,violates,matches,False,False,False,,ambiguous,,
b07b388b-ccaa-44a5-baf5-4826b541a663,ab2ccb1d-80fb-4d0e-b90a-a11b65a3498c,4,393,412,attack,attack,1,A,0.38146745189592207,0.49278751808667615,0.06281323475709238,0.07210014137247509,"[[1, 0.06281323475709238, ""A""], [4, 0.15442835359112037, ""B""], [3, 0.242288684618324, ""B""]]","[[1, 0.07210014137247509, ""A""], [4, 0.18556247278228832, ""B""], [3, 0.23609899524638273, ""B""]]",nan,nan,ok,unknown,matches,ambiguous,True,True,False,,ambiguous,,
f87f332f-8f7d-4a82-afb8-30a3f31ab4ae,ab2ccb1d-80fb-4d0e-b90a-a11b65a3498c,4,502,518,attack,dig,1,A,0.8112057712311228,0.6378688406642395,0.07902251543385394,0.05291698158977753,"[[1, 0.07902251543385394, ""A""], [4, 0.10015194183340831, ""B""], [2, 0.20199433285772814, ""A""]]","[[4, 0.05291698158977753, ""B""], [1, 0.065236088066331, ""A""], [3, 0.16106715516309936, ""B""]]",2.5561617691961245,nan,ok,ok,matches,matches,False,False,False,,skip,,
212c0b30-5624-4f0b-ac4a-ed36656dfcef,ae81fff5-a80e-4f77-8315-2e3377ce7737,3,148,212,set,dig,3,B,0.7953279455941177,0.6,0.01735742244760049,0.02944790700710273,"[[3, 0.01735742244760049, ""B""], [2, 0.04171361286180404, ""A""], [4, 0.07548112299579007, ""B""]]","[[3, 0.022720140085409495, ""B""], [2, 0.02944790700710273, ""A""], [4, 0.11864702796995875, ""B""]]",4.34863662641481,4.029047902838783,ok,unknown,matches,matches,False,True,False,,skip,,
212c0b30-5624-4f0b-ac4a-ed36656dfcef,ae81fff5-a80e-4f77-8315-2e3377ce7737,6,321,359,attack,dig,2,A,0.6,0.5535517032140953,0.07031781258534303,0.11486011437467815,"[[2, 0.04687359490137963, ""A""], [1, 0.07031781258534303, ""A""], [4, 0.16420214444141765, ""B""]]","[[1, 0.07962300970121032, ""A""], [4, 0.09610640909297098, ""B""], [2, 0.11486011437467815, ""A""]]",1.0,0.6932172245752514,ok,ok,matches,violates,False,True,False,,ambiguous,,
fcabf602-113c-4de3-9595-86836c188198,ae81fff5-a80e-4f77-8315-2e3377ce7737,2,100,189,receive,attack,1,B,0.7,0.6767478483022047,0.04018179257896723,0.09950806702279444,"[[1, 0.01953248496840274, ""B""], [4, 0.04018179257896723, ""A""], [2, 0.08475778340031376, ""B""]]","[[1, 0.09950806702279444, ""B""], [2, 0.1725324164330934, ""B""], [4, 0.2092877968329801, ""A""]]",2.1093579444904953,1.733853561777772,ok,ok,matches,matches,False,False,False,,skip,,
3d8f7024-3e18-4dd4-8014-b067a8ddf53a,ae81fff5-a80e-4f77-8315-2e3377ce7737,2,113,152,receive,set,4,A,0.6967452038489712,0.6377903650560969,0.040867571494383706,0.11049705582036858,"[[1, 0.04022897082157886, ""B""], [4, 0.040867571494383706, ""A""], [2, 0.05502420739391774, ""B""]]","[[2, 0.11049705582036858, ""B""], [1, 0.14459693389526654, ""B""], [4, 0.15364114222104763, ""A""]]",nan,nan,ok,ok,ambiguous,violates,False,False,False,,ambiguous,,
496a1670-d1f5-40a6-98b6-9da6885e636d,ae81fff5-a80e-4f77-8315-2e3377ce7737,2,159,250,receive,attack,3,A,0.7,0.40704295750171643,0.09060185262822283,0.11821719282597153,"[[2, 0.06449091510592828, ""B""], [3, 0.09060185262822283, ""A""], [1, 0.1207399923673617, ""B""]]","[[3, 0.11821719282597153, ""A""], [2, 0.1710478213540689, ""B""], [4, 0.1993354170227585, ""A""]]",nan,1.686179584015345,ok,ok,ambiguous,matches,False,False,False,,ambiguous,,
bb175970-5e85-4270-9b16-969772955412,ae81fff5-a80e-4f77-8315-2e3377ce7737,4,309,360,set,attack,4,B,0.8690798734663396,0.8147423607858942,0.037206821959358906,0.08480593811569924,"[[2, 0.037206821959358906, ""A""], [4, 0.08411610961271943, ""B""], [3, 0.15212105783063845, ""B""]]","[[4, 0.07766058576209615, ""B""], [1, 0.08480593811569924, ""A""], [2, 0.19483003543116809, ""A""]]",4.088525969694499,nan,ok,ok,matches,matches,False,False,False,,skip,,
2be8954f-f78c-423a-b455-2fd7eb738811,b026dc6c-0858-42f2-8513-fc5ee7dbdd93,2,125,164,receive,set,4,B,0.666591559160552,0.611773713570311,0.017327678000160204,0.07326537543718269,"[[4, 0.017327678000160204, ""B""], [1, 0.04278028751071093, ""A""], [3, 0.11043450072181585, ""B""]]","[[4, 0.07326537543718269, ""B""], [1, 0.07959751582659748, ""A""], [3, 0.09840461579172101, ""B""]]",6.373300607317081,1.3431257972067934,ok,ok,matches,matches,False,True,False,,skip,,
ded9504c-ce40-4808-8d12-8bcc3b974b62,b026dc6c-0858-42f2-8513-fc5ee7dbdd93,3,184,233,set,attack,3,A,0.5929704856307416,0.8645989691328347,0.08473105803578836,0.1082269171304616,"[[3, 0.009536699803073295, ""A""], [4, 0.08473105803578836, ""A""], [2, 0.1810218854095537, ""B""]]","[[3, 0.1082269171304616, ""A""], [2, 0.22781984941999314, ""B""], [4, 0.22885397787154704, ""A""]]",1.0,2.114575411916022,ok,ok,matches,matches,False,False,False,,skip,,
ded9504c-ce40-4808-8d12-8bcc3b974b62,b026dc6c-0858-42f2-8513-fc5ee7dbdd93,7,363,406,set,attack,1,B,0.7844477866437373,0.8747113182316333,0.0833039874348663,0.08363111579461277,"[[1, 0.020961068240513556, ""B""], [4, 0.04275133370666586, ""A""], [3, 0.0833039874348663, ""A""]]","[[3, 0.08363111579461277, ""A""], [1, 0.10108055458378958, ""B""], [4, 0.2577174163141143, ""A""]]",nan,nan,ok,ok,ambiguous,violates,False,False,False,,ambiguous,,
4aac49ca-68de-4f97-aca8-38fbb8ebac37,b026dc6c-0858-42f2-8513-fc5ee7dbdd93,2,86,138,receive,set,4,B,0.7,0.8861642103719393,0.02184763046796149,0.03131886235377627,"[[3, 0.02184763046796149, ""B""], [4, 0.16123237700945522, ""B""], [1, 0.18687833395512052, ""A""]]","[[4, 0.03131886235377627, ""B""], [1, 0.08795800935114143, ""A""], [3, 0.09934460247851082, ""B""]]",1.0,3.172037392556577,ok,ok,matches,matches,False,False,False,,skip,,
59f2a9a0-ef26-4fc4-a4a7-06d010145063,b03b461b-b1c1-4f53-8cce-79c0afe8a049,2,104,159,receive,set,4,B,0.692284748181365,0.8254576319336802,0.047417340050024806,0.08711646112258459,"[[1, 0.047417340050024806, ""A""], [3, 0.055742473662671134, ""B""], [4, 0.12701648047689929, ""B""]]","[[4, 0.050667506035742625, ""B""], [3, 0.0771346378087741, ""B""], [1, 0.12016355218819613, ""A""]]",1.1755715019835233,0.8854197796239137,ok,ok,violates,matches,False,False,False,,ambiguous,,
c1052008-76ee-4164-a8fe-95535f305042,b03b461b-b1c1-4f53-8cce-79c0afe8a049,4,190,215,attack,dig,1,A,0.9222492027870778,0.5457115691640079,0.014872474811865898,0.007607705386129806,"[[3, 0.012194023410747507, ""B""], [1, 0.014872474811865898, ""A""], [2, 0.18624602810629534, ""A""]]","[[1, 0.007607705386129806, ""A""], [3, 0.04826599705256386, ""B""], [2, 0.15860343794242726, ""A""]]",12.522867274093501,20.847736589746155,ok,ok,violates,ambiguous,True,True,False,,ambiguous,,
2001b635-018d-4e51-93d0-103a174444dc,b03b461b-b1c1-4f53-8cce-79c0afe8a049,5,172,189,attack,dig,3,A,0.9289280227352722,0.5100177906070278,0.009198953633899378,0.016699933111374913,"[[3, 0.009198953633899378, ""A""], [4, 0.16091787505475122, ""A""], [2, 0.18222782264828433, ""B""]]","[[3, 0.016699933111374913, ""A""], [4, 0.12005216799028383, ""A""], [2, 0.15648756538530023, ""B""]]",17.493062956828837,7.1887813675440455,ok,ok,matches,ambiguous,False,False,False,,skip,,
2001b635-018d-4e51-93d0-103a174444dc,b03b461b-b1c1-4f53-8cce-79c0afe8a049,6,189,221,dig,attack,3,A,0.5100177906070278,0.4447705841395242,0.016699933111374913,0.01720536276223081,"[[3, 0.016699933111374913, ""A""], [4, 0.12005216799028383, ""A""], [2, 0.15648756538530023, ""B""]]","[[3, 0.01720536276223081, ""A""], [2, 0.11248872336004638, ""B""], [4, 0.14333228191954134, ""A""]]",7.1887813675440455,8.330674796010937,ok,ok,ambiguous,matches,False,False,False,,ambiguous,,
3e07342a-e598-4088-8b14-767ae9e0ceb8,b097dd2a-6953-4e0e-a603-5be3552f462e,4,227,270,attack,dig,1,B,0.6,0.39933957288978367,0.045486690294480915,0.12331544237544409,"[[4, 0.045486690294480915, ""A""], [1, 0.045486690294480915, ""B""], [2, 0.21428383252862526, ""B""]]","[[4, 0.06751653670917729, ""A""], [1, 0.12331544237544409, ""B""], [2, 0.17359997348952408, ""B""]]",4.710912821780423,1.4077715665243657,ok,ok,violates,matches,True,True,False,,ambiguous,,
44351174-40f0-4cde-aa88-b4a7ded8193b,b497ef6f-0a10-49cc-9a22-3daffa2ab8a4,3,189,233,set,attack,3,A,0.8440090662103668,0.9317429788665021,0.023553902358592737,0.050199049548358854,"[[3, 0.023553902358592737, ""A""], [2, 0.027875799465011827, ""B""], [4, 0.04796962340730082, ""A""]]","[[3, 0.050199049548358854, ""A""], [1, 0.11101637521870014, ""B""], [2, 0.22721248014428364, ""B""]]",2.036589210441426,nan,ok,ok,violates,matches,False,True,False,,ambiguous,,
2cb28662-ea49-4c0c-b34d-11d165b3ac0f,b497ef6f-0a10-49cc-9a22-3daffa2ab8a4,18,823,846,attack,dig,3,A,0.9444236134969547,0.7514410583370916,0.07282208848332934,0.07103369330101701,"[[3, 0.07282208848332934, ""A""], [1, 0.17633839991606093, ""B""], [2, 0.1787874099679926, ""B""]]","[[3, 0.07103369330101701, ""A""], [2, 0.07398491383565302, ""B""], [1, 0.09059891337267136, ""B""]]",nan,nan,ok,ok,matches,violates,True,True,False,,ambiguous,,
2cb28662-ea49-4c0c-b34d-11d165b3ac0f,b497ef6f-0a10-49cc-9a22-3daffa2ab8a4,19,846,918,dig,attack,3,A,0.7514410583370916,0.9253861363629664,0.07103369330101701,0.07749498103754325,"[[3, 0.07103369330101701, ""A""], [2, 0.07398491383565302, ""B""], [1, 0.09059891337267136, ""B""]]","[[3, 0.07749498103754325, ""A""], [1, 0.1092954298762078, ""B""], [2, 0.2047726230590276, ""B""]]",nan,nan,ok,ok,violates,matches,True,True,False,,ambiguous,,
0c58108f-05d5-44b1-a23b-5a7a34b83cfd,b497ef6f-0a10-49cc-9a22-3daffa2ab8a4,1,122,157,serve,receive,4,A,0.7,0.9,0.06345798415372408,0.06569794438429276,"[[1, 0.06345798415372408, ""B""], [4, 0.18206723715978385, ""A""], [3, 0.24453606094794114, ""A""]]","[[4, 0.06569794438429276, ""A""], [2, 0.14291454616203686, ""B""], [1, 0.1487958753298919, ""B""]]",3.853511330513803,nan,unknown,ok,ambiguous,ambiguous,True,True,False,,skip,,
71a3a742-b51d-4706-927f-b2f257aa84ad,b497ef6f-0a10-49cc-9a22-3daffa2ab8a4,2,118,166,receive,attack,4,B,0.7356221631925046,0.9036090453856339,0.030771264965369187,0.04412222402843281,"[[2, 0.02583843164378064, ""A""], [1, 0.030771264965369187, ""A""], [4, 0.08423728935687931, ""B""]]","[[4, 0.04412222402843281, ""B""], [1, 0.09617397126015018, ""A""], [2, 0.10475857270140657, ""A""]]",nan,nan,ok,ok,ambiguous,matches,False,False,False,,skip,,
be3134ba-9c9c-41fc-8114-7a2eb4a7c564,b5fb0594-d64f-4a0d-bad9-de8fc36414d0,4,482,575,set,attack,2,A,0.8999784791762917,0.9335729922367795,0.01889947241257131,0.06009590890165245,"[[3, 0.01889947241257131, ""B""], [2, 0.05397575918124223, ""A""], [4, 0.10753845573710556, ""B""]]","[[2, 0.06009590890165245, ""A""], [3, 0.0782400272754851, ""B""], [4, 0.16869144851940285, ""B""]]",nan,nan,wrong,ok,matches,matches,False,True,False,,ambiguous,,
3e61838c-b086-4d81-b333-9178a3e58f1e,b5fb0594-d64f-4a0d-bad9-de8fc36414d0,7,726,822,set,attack,3,A,0.874444428096306,0.9597075465052282,0.04370713941551512,0.03700728216820365,"[[2, 0.04370713941551512, ""B""], [3, 0.056377844288094274, ""A""], [1, 0.07297074445026296, ""B""]]","[[3, 0.03700728216820365, ""A""], [1, 0.13370268273829683, ""B""], [2, 0.20849949020085207, ""B""]]",nan,nan,ok,ok,matches,matches,True,True,False,,skip,,
7063ea7b-b460-4441-81ab-1a0a84f1e7bc,beb70f61-de8a-4805-a7ae-e8c7199d7275,2,110,171,receive,set,2,A,0.8338440496212118,0.8464119835921343,0.05532123864611717,0.024388235239243123,"[[4, 0.05532123864611717, ""B""], [1, 0.09592454176159941, ""A""], [3, 0.13233251418094272, ""B""]]","[[2, 0.024388235239243123, ""A""], [3, 0.07800347663073236, ""B""], [4, 0.11246576166690324, ""B""]]",1.7339550615490795,nan,ok,ok,violates,matches,False,False,False,,ambiguous,,
77026e92-1322-4f44-8f0c-5566b6bcde52,bfd1decd-51e1-4e90-ab53-9b28a7b7cdd8,4,228,247,attack,dig,2,A,0.835180860812188,0.822191322333537,0.07099266308904847,0.010768346749551082,"[[2, 0.07099266308904847, ""A""], [1, 0.1879075061046594, ""A""], [4, 0.19208840564327195, ""B""]]","[[2, 0.010768346749551082, ""A""], [4, 0.03685863745460159, ""B""], [1, 0.11089306535014812, ""A""]]",2.6468581108016855,10.298058553395961,ok,ok,matches,ambiguous,True,True,False,,skip,,
77026e92-1322-4f44-8f0c-5566b6bcde52,bfd1decd-51e1-4e90-ab53-9b28a7b7cdd8,6,288,310,attack,dig,1,A,0.6030153909271314,0.6196372325720672,0.0986778471129686,0.047687698531923166,"[[1, 0.0986778471129686, ""A""], [3, 0.11328796696344638, ""B""], [2, 0.2288118477621728, ""A""]]","[[1, 0.047687698531923166, ""A""], [3, 0.10957398660101139, ""B""], [4, 0.127305590852427, ""B""]]",2.318776244684624,nan,ok,ok,matches,ambiguous,True,True,False,,skip,,
56d338ca-aee9-4285-b67a-5cc3dee3bcb9,bfd1decd-51e1-4e90-ab53-9b28a7b7cdd8,5,253,300,dig,attack,4,A,0.507794299200238,0.9006296776333973,0.03012911958412889,0.06683400093005026,"[[4, 0.03012911958412889, ""A""], [2, 0.048810432964028864, ""B""], [3, 0.18278738318590715, ""A""]]","[[4, 0.06683400093005026, ""A""], [2, 0.14578315629970606, ""B""], [1, 0.22517094004855, ""B""]]",6.066801343979331,nan,ok,ok,matches,matches,False,False,False,,skip,,
a234e178-61c9-423e-876e-0310192b856f,bfd1decd-51e1-4e90-ab53-9b28a7b7cdd8,6,340,360,attack,dig,1,B,0.7357861571213928,0.8533337206382832,0.051294512067379484,0.012565729490994361,"[[3, 0.051294512067379484, ""A""], [1, 0.13150727400762516, ""B""], [2, 0.17582039156000215, ""B""]]","[[1, 0.012565729490994361, ""B""], [2, 0.06834276082054248, ""B""], [3, 0.07210480536076273, ""A""]]",3.427664763221607,5.438821587678021,ok,ok,matches,ambiguous,True,True,False,,skip,,
6b319340-76b0-4144-9ab8-ad87fecc04fb,bfd1decd-51e1-4e90-ab53-9b28a7b7cdd8,2,158,200,receive,set,1,B,0.41052563966429256,0.6,0.04806841291072565,0.020150496637911845,"[[3, 0.04806841291072565, ""A""], [1, 0.057309366275854874, ""B""], [2, 0.08355175101221783, ""B""]]","[[1, 0.020150496637911845, ""B""], [3, 0.04719172305211867, ""A""], [2, 0.09845419906790734, ""B""]]",1.7381840995539646,4.885944045799456,ok,ok,violates,matches,False,False,False,,repair_prev,,
fad29c31-6e2a-4a8d-86f1-9064b2f1f425,c6e4c876-beca-4cb8-9cce-4a4fc70553f1,6,236,285,set,attack,1,A,0.8613701989602119,0.9049655983497853,0.04771417651273646,0.05910557431038203,"[[3, 0.01746147699904965, ""B""], [1, 0.04771417651273646, ""A""], [2, 0.0769003477256697, ""A""]]","[[1, 0.05910557431038203, ""A""], [3, 0.22124845777247043, ""B""], [2, 0.26201922044543774, ""A""]]",1.6116876229676205,4.433071220482388,ok,ok,ambiguous,matches,True,True,False,I-2,skip,,
88e3503c-4f34-49e5-b56c-2f828eb7cc5a,d07ce9e1-aa5d-4875-97c4-f565bbfc14f3,2,153,180,receive,attack,1,A,0.9,0.39051170843687155,0.01810368074750343,0.08176889367148481,"[[1, 0.01810368074750343, ""A""], [3, 0.07570557141542467, ""B""], [4, 0.11379205506577234, ""B""]]","[[2, 0.08176889367148481, ""A""], [4, 0.19113749979785324, ""B""], [3, 0.24532733048035701, ""B""]]",nan,1.0,ok,ok,matches,matches,True,True,False,,ambiguous,,
23d42e02-841f-4ffb-826b-c0335c7166b3,d242ae62-3823-4561-a6a8-fd9d3bc3e7fb,4,482,571,set,set,3,B,0.36886536245543644,0.5576817524753822,0.0101606320952192,0.0219556785978658,"[[1, 0.0101606320952192, ""A""], [3, 0.024513096544068566, ""B""], [4, 0.057489242533682344, ""B""]]","[[3, 0.0219556785978658, ""B""], [4, 0.031904341402557164, ""B""], [1, 0.05102523958161354, ""A""]]",5.658038003436055,1.45312481508353,unknown,wrong,ambiguous,matches,False,True,False,,ambiguous,,
4e96fa50-0c00-44bc-b68d-5444637c5f18,d242ae62-3823-4561-a6a8-fd9d3bc3e7fb,6,640,735,set,attack,3,B,0.6691393628235266,0.8719603126524011,0.007756812141329583,0.05355524654580391,"[[3, 0.007756812141329583, ""B""], [1, 0.04341233537750396, ""A""], [2, 0.0742730448156184, ""A""]]","[[3, 0.04803672274031249, ""B""], [2, 0.05355524654580391, ""A""], [4, 0.1481469337666075, ""B""]]",nan,2.766245014667287,ok,ok,ambiguous,matches,False,False,False,,skip,,
c7898faa-04a1-40f4-a661-b469ab6ce46c,d242ae62-3823-4561-a6a8-fd9d3bc3e7fb,2,328,515,receive,attack,3,B,0.7,0.6697851467151009,0.016462339964722746,0.06846025145142068,"[[3, 0.016462339964722746, ""B""], [4, 0.08084193116512908, ""B""], [2, 0.09139867544900553, ""A""]]","[[3, 0.06846025145142068, ""B""], [2, 0.14913252445397757, ""A""], [4, 0.1742386111505973, ""B""]]",4.9107193350620735,2.54510621063431,ok,ok,matches,matches,False,False,False,,skip,,
c3a4ab1b-ae2d-48b7-9562-aab66e4092ca,d242ae62-3823-4561-a6a8-fd9d3bc3e7fb,3,403,511,set,dig,4,A,0.8926568394964257,0.5849445076940557,0.0024787092506694335,0.08355866816203213,"[[4, 0.0024787092506694335, ""A""], [2, 0.09013083571105729, ""B""], [1, 0.12269592044459439, ""B""]]","[[1, 0.07899808287229734, ""B""], [4, 0.10372960927165706, ""A""], [2, 0.10535439934446696, ""B""]]",nan,nan,ok,unknown,matches,violates,False,False,False,,ambiguous,,
d2995693-c79b-42bd-8092-81d464191845,d3486f0b-6601-43d8-a60f-6ecc4874c408,3,195,244,set,attack,2,A,0.9210520417713726,0.9098669397806709,0.004567343943468777,0.07777310143623875,"[[2, 0.004567343943468777, ""A""], [4, 0.08660456684940991, ""B""], [1, 0.15366672489826672, ""A""]]","[[1, 0.07777310143623875, ""A""], [2, 0.2557707429821237, ""A""], [4, 0.32043213115704966, ""B""]]",33.644657989466175,1.0,ok,ok,matches,matches,False,False,False,,skip,,
1f4c643a-e3d7-4768-ad06-d3b53b0574e5,d5a6932f-e853-469b-ad9b-8c811a058526,3,203,257,set,attack,3,B,0.8608660507606808,0.8433148641391028,0.02999932789321833,0.040339390497010165,"[[1, 0.02999932789321833, ""A""], [3, 0.04975274934295336, ""B""], [2, 0.26256752103053255, ""A""]]","[[3, 0.040339390497010165, ""B""], [1, 0.15141142191983292, ""A""], [2, 0.23677461321096657, ""A""]]",nan,nan,ok,ok,violates,matches,False,False,False,,ambiguous,,
1f4c643a-e3d7-4768-ad06-d3b53b0574e5,d5a6932f-e853-469b-ad9b-8c811a058526,9,464,563,dig,attack,1,A,0.3800539863634925,0.6,0.15077674365839458,0.15046506275096086,"[[1, 0.15077674365839458, ""A""], [4, 0.15847560319216042, ""B""], [3, 0.18596234167228703, ""B""]]","[[1, 0.15046506275096086, ""A""], [3, 0.18171444356230607, ""B""], [4, 0.19013222517575193, ""B""]]",nan,nan,unknown,ok,violates,matches,False,False,False,,repair_prev,,
37286868-eadc-4515-84e1-b60a752b79ab,d5a6932f-e853-469b-ad9b-8c811a058526,3,214,258,attack,dig,1,A,0.5941604640988002,0.6346336471141554,0.03284481746702682,0.04509906982025773,"[[1, 0.03284481746702682, ""A""], [4, 0.1175780084048864, ""B""], [3, 0.19235253426200905, ""B""]]","[[2, 0.04509906982025773, ""A""], [3, 0.0599455590864479, ""B""], [4, 0.11263552984406229, ""B""]]",nan,1.0,ok,ok,matches,violates,False,True,False,,ambiguous,,
ca0ccd55-1242-4af7-b7b5-097e41931049,d5a6932f-e853-469b-ad9b-8c811a058526,10,447,474,attack,dig,1,B,0.8599410149125388,0.705319821914615,0.06916590861612015,0.0590919211473087,"[[3, 0.06916590861612015, ""A""], [4, 0.1018513494773076, ""A""], [2, 0.18211350436876161, ""B""]]","[[1, 0.0590919211473087, ""B""], [2, 0.15827886574748434, ""B""], [3, 0.20039151375872696, ""A""]]",2.6329951852366373,2.6785195450477084,ok,ok,matches,ambiguous,True,True,False,,skip,,
5c792f3f-b297-4749-b315-a39f5ea9eb1d,dd042609-e22e-4f60-83ed-038897c88c32,3,167,218,set,attack,2,B,0.9144434905460663,0.9135117635257776,0.005142030753580369,0.03483929678746742,"[[2, 0.005142030753580369, ""B""], [3, 0.06853616461326818, ""A""], [4, 0.07900739244209147, ""B""]]","[[3, 0.03483929678746742, ""A""], [1, 0.13300500396114645, ""A""], [4, 0.1429465090941654, ""B""]]",15.365017485957088,4.103025097383334,ok,ok,matches,ambiguous,False,False,False,,skip,,
9bef4dda-eb58-4a59-84a6-9902f3543176,e88a06f5-172a-4f0e-b871-b6d53d301cec,1,89,136,serve,receive,1,A,0.7,0.8119345897538918,0.11148349250800069,0.059177750731131545,"[[3, 0.07202005498210004, ""B""], [2, 0.11148349250800069, ""A""], [4, 0.15526005394590606, ""B""]]","[[1, 0.059177750731131545, ""A""], [4, 0.09776067408221643, ""B""], [2, 0.13912923368514124, ""A""]]",1.0,2.3510395708897693,unknown,ok,ambiguous,violates,True,True,False,,ambiguous,,
4c0f4c83-28e2-48a6-a0db-45a2970f54ed,eb693a6f-30df-4265-9291-eea46b6a1426,10,455,511,dig,attack,4,A,0.6,0.9721464832248624,0.007055585529504994,0.029446598844538992,"[[4, 0.007055585529504994, ""A""], [1, 0.016351462927990317, ""B""], [2, 0.2893541180632484, ""B""]]","[[4, 0.029446598844538992, ""A""], [1, 0.1486684132773601, ""B""], [2, 0.29753651356284755, ""B""]]",nan,nan,unknown,ok,matches,matches,False,True,False,,skip,,
cbf17cce-7899-4fda-8807-23abeb76fc23,eb693a6f-30df-4265-9291-eea46b6a1426,5,300,350,dig,set,1,B,0.7132984946145571,0.9500259365641853,0.10249077971975279,0.00643500035298246,"[[3, 0.07796658238417699, ""A""], [1, 0.1513306008441443, ""B""], [4, 0.33823622931124436, ""A""]]","[[1, 0.00643500035298246, ""B""], [3, 0.08137179695748499, ""A""], [2, 0.10600575734996175, ""B""]]",nan,16.473310261876016,ok,ok,violates,matches,False,True,False,,ambiguous,,
2d3cb54b-78f4-46fd-965a-ccb74b458f1b,eb693a6f-30df-4265-9291-eea46b6a1426,5,225,362,dig,attack,4,A,0.6175054668047723,0.6791622643317647,0.031112226396488495,0.1308219172629449,"[[1, 0.031112226396488495, ""B""], [4, 0.08315040634290966, ""A""], [2, 0.15801144232069353, ""B""]]","[[4, 0.1308219172629449, ""A""], [3, 0.18541379137135772, ""A""], [1, 0.37857826724717103, ""B""]]",nan,1.417299144138716,ok,ok,ambiguous,matches,False,False,False,,skip,,
c563a7d7-53f4-4488-a9fe-c27e8c0afcef,edc81438-10bc-431d-ae88-5c609f3fae93,4,159,184,attack,dig,4,A,0.6955311238660854,0.8308983451207225,0.13122334549503517,0.07060198082572791,"[[3, 0.13122334549503517, ""A""], [1, 0.1517098867898124, ""B""], [4, 0.22798938977040778, ""A""]]","[[4, 0.07060198082572791, ""A""], [1, 0.15413943206810396, ""B""], [2, 0.25639910700142365, ""B""]]",1.0,nan,ok,ok,violates,ambiguous,True,True,False,I-2,ambiguous,,
0016a4d0-c271-4fe7-9767-bfb145db9314,edc81438-10bc-431d-ae88-5c609f3fae93,9,324,361,attack,set,2,B,0.9166360569560773,0.805684603095202,0.04031646644529036,0.022313916261691547,"[[2, 0.04031646644529036, ""B""], [4, 0.09264214161407044, ""A""], [1, 0.3102816996805048, ""B""]]","[[2, 0.022313916261691547, ""B""], [4, 0.07371295299209472, ""A""], [1, 0.11284156301835804, ""B""]]",7.696153136375643,5.05700396537223,ok,unknown,matches,ambiguous,False,False,False,,skip,,
a11d3733-b1a4-4dc6-bf08-0b6ba27ff510,fb83f876-7288-44ce-b8e4-4151bc7da4df,2,88,120,receive,receive,2,A,0.7,0.6,0.02146722839293167,0.01862552304801103,"[[3, 0.02146722839293167, ""B""], [1, 0.13518016977656105, ""A""], [4, 0.15239226172520295, ""B""]]","[[2, 0.01862552304801103, ""A""], [4, 0.02453608174781238, ""B""], [3, 0.1608059865001859, ""B""]]",6.297048100586225,nan,ok,unknown,ambiguous,matches,False,False,False,,skip,,
a11d3733-b1a4-4dc6-bf08-0b6ba27ff510,fb83f876-7288-44ce-b8e4-4151bc7da4df,5,214,292,attack,set,2,A,0.9339558558705313,0.6,0.06487162550995824,0.06691906307364576,"[[2, 0.06487162550995824, ""A""], [4, 0.26922471794171854, ""B""], [1, 0.27080934003616897, ""A""]]","[[2, 0.06691906307364576, ""A""], [4, 0.09690929606551058, ""B""], [3, 0.20620963263673292, ""B""]]",4.174542227165216,nan,ok,unknown,matches,violates,False,False,False,,ambiguous,,
0def0bf2-c098-4059-802d-be7698b122b1,ff175026-bd5b-4349-b390-188438da2005,6,311,358,set,attack,3,B,0.6599333326196424,0.9405386077258866,0.06336045533440515,0.06120308456471643,"[[1, 0.06336045533440515, ""A""], [3, 0.1281479961640927, ""B""], [2, 0.18425298461495282, ""A""]]","[[3, 0.06120308456471643, ""B""], [1, 0.21654280130074843, ""A""], [2, 0.225435641324154, ""A""]]",nan,nan,ok,ok,matches,matches,True,True,False,,skip,,
173a4a61-917c-4f06-a531-a0da1f5ce532,ff175026-bd5b-4349-b390-188438da2005,3,178,191,set,set,3,B,0.40018968794446935,0.4890318091956256,0.05634634678527207,0.05707457417457883,"[[1, 0.05634634678527207, ""A""], [2, 0.07961604920875748, ""B""], [3, 0.09653164451857155, ""B""]]","[[3, 0.05707457417457883, ""B""], [2, 0.14454286877429084, ""B""], [4, 0.1529997659240274, ""A""]]",1.4129762398290513,2.5325264509580983,ok,wrong,violates,matches,False,False,False,,ambiguous,,
f4c93b25-d9cc-4613-bcfe-3397d74058b1,ff175026-bd5b-4349-b390-188438da2005,4,267,282,attack,dig,1,A,0.8958639756535659,0.7702957661124491,0.08114587464820153,0.011131368211893025,"[[1, 0.08114587464820153, ""A""], [3, 0.2129724391458042, ""B""], [2, 0.23886133273602492, ""A""]]","[[1, 0.011131368211893025, ""A""], [3, 0.10442259402360587, ""B""], [2, 0.17707805372816574, ""A""]]",2.943604142189364,15.908022298550076,ok,ok,matches,ambiguous,False,False,False,,skip,,
f4c93b25-d9cc-4613-bcfe-3397d74058b1,ff175026-bd5b-4349-b390-188438da2005,7,370,402,attack,dig,1,A,0.7736829168228395,0.5418822260092304,0.11320342848891381,0.02444766368383395,"[[1, 0.11320342848891381, ""A""], [4, 0.11790286123944041, ""B""], [3, 0.20925984651697455, ""B""]]","[[1, 0.02444766368383395, ""A""], [4, 0.06546977487457607, ""B""], [2, 0.19210380372364932, ""A""]]",nan,7.857757134096958,ok,ok,violates,ambiguous,False,False,False,,ambiguous,,
47466a40-672d-413b-97d9-dcae0e941ab5,ff175026-bd5b-4349-b390-188438da2005,1,111,132,serve,receive,4,B,0.7,0.8580949020836589,0.10348265241709881,0.01573892296680893,"[[4, 0.10348265241709881, ""B""], [1, 0.1715769362288833, ""A""], [3, 0.17305256255821805, ""B""]]","[[1, 0.01573892296680893, ""A""], [4, 0.02021291665466896, ""B""], [3, 0.11123974995287787, ""B""]]",1.6722857263139108,7.067812085202152,unknown,ok,ambiguous,matches,False,True,False,,skip,,
47466a40-672d-413b-97d9-dcae0e941ab5,ff175026-bd5b-4349-b390-188438da2005,4,241,253,attack,dig,1,A,0.838790277108491,0.5825981386373428,0.03661251318460135,0.004728307034639555,"[[1, 0.03661251318460135, ""A""], [3, 0.08668952135013105, ""B""], [4, 0.15634410211002286, ""B""]]","[[1, 0.004728307034639555, ""A""], [4, 0.056631989555643455, ""B""], [3, 0.08813342449443022, ""B""]]",nan,nan,ok,ok,matches,ambiguous,False,True,False,,skip,,
